table_id,source,entity_type,week,size,n_rows
large_product_2010-W04,uci_online_retail_ii,product,2010-W04,large,109
large_product_2010-W16,uci_online_retail_ii,product,2010-W16,large,115
large_product_2010-W20,uci_online_retail_ii,product,2010-W20,large,106
large_product_2010-W25,uci_online_retail_ii,product,2010-W25,large,97
large_product_2010-W40,uci_online_retail_ii,product,2010-W40,large,84
large_product_2010-W43,uci_online_retail_ii,product,2010-W43,large,112
large_product_2010-W47,uci_online_retail_ii,product,2010-W47,large,98
large_product_2010-W49,uci_online_retail_ii,product,2010-W49,large,122
large_product_2011-W06,uci_online_retail_ii,product,2011-W06,large,139
large_product_2011-W08,uci_online_retail_ii,product,2011-W08,large,140
large_product_2011-W11,uci_online_retail_ii,product,2011-W11,large,91
large_product_2011-W22,uci_online_retail_ii,product,2011-W22,large,113
large_product_2011-W23,uci_online_retail_ii,product,2011-W23,large,107
large_product_2011-W28,uci_online_retail_ii,product,2011-W28,large,96
large_product_2011-W34,uci_online_retail_ii,product,2011-W34,large,104
large_product_2011-W35,uci_online_retail_ii,product,2011-W35,large,110
large_product_2011-W36,uci_online_retail_ii,product,2011-W36,large,89
large_product_2011-W42,uci_online_retail_ii,product,2011-W42,large,125
large_product_2011-W43,uci_online_retail_ii,product,2011-W43,large,128
large_product_2011-W47,uci_online_retail_ii,product,2011-W47,large,135
medium_product_2009-W50,uci_online_retail_ii,product,2009-W50,medium,30
medium_product_2010-W05,uci_online_retail_ii,product,2010-W05,medium,26
medium_product_2010-W11,uci_online_retail_ii,product,2010-W11,medium,28
medium_product_2010-W14,uci_online_retail_ii,product,2010-W14,medium,20
medium_product_2010-W16,uci_online_retail_ii,product,2010-W16,medium,30
medium_product_2010-W19,uci_online_retail_ii,product,2010-W19,medium,23
medium_product_2010-W26,uci_online_retail_ii,product,2010-W26,medium,26
medium_product_2010-W33,uci_online_retail_ii,product,2010-W33,medium,40
medium_product_2010-W36,uci_online_retail_ii,product,2010-W36,medium,31
medium_product_2010-W38,uci_online_retail_ii,product,2010-W38,medium,22
medium_product_2010-W50,uci_online_retail_ii,product,2010-W50,medium,40
medium_product_2011-W10,uci_online_retail_ii,product,2011-W10,medium,39
medium_product_2011-W11,uci_online_retail_ii,product,2011-W11,medium,33
medium_product_2011-W17,uci_online_retail_ii,product,2011-W17,medium,26
medium_product_2011-W18,uci_online_retail_ii,product,2011-W18,medium,21
medium_product_2011-W19,uci_online_retail_ii,product,2011-W19,medium,30
medium_product_2011-W41,uci_online_retail_ii,product,2011-W41,medium,40
medium_product_2011-W42,uci_online_retail_ii,product,2011-W42,medium,33
medium_product_2011-W43,uci_online_retail_ii,product,2011-W43,medium,30
medium_product_2011-W47,uci_online_retail_ii,product,2011-W47,medium,32
small_country_2010-W18,uci_online_retail_ii,country,2010-W18,small,6
small_country_2010-W21,uci_online_retail_ii,country,2010-W21,small,7
small_country_2010-W27,uci_online_retail_ii,country,2010-W27,small,10
small_country_2010-W33,uci_online_retail_ii,country,2010-W33,small,6
small_country_2010-W42,uci_online_retail_ii,country,2010-W42,small,7
small_country_2010-W50,uci_online_retail_ii,country,2010-W50,small,10
small_country_2011-W06,uci_online_retail_ii,country,2011-W06,small,10
small_country_2011-W09,uci_online_retail_ii,country,2011-W09,small,7
small_country_2011-W21,uci_online_retail_ii,country,2011-W21,small,6
small_country_2011-W42,uci_online_retail_ii,country,2011-W42,small,5
small_product_2010-W07,uci_online_retail_ii,product,2010-W07,small,6
small_product_2010-W20,uci_online_retail_ii,product,2010-W20,small,7
small_product_2010-W24,uci_online_retail_ii,product,2010-W24,small,8
small_product_2010-W26,uci_online_retail_ii,product,2010-W26,small,8
small_product_2010-W34,uci_online_retail_ii,product,2010-W34,small,8
small_product_2010-W38,uci_online_retail_ii,product,2010-W38,small,9
small_product_2010-W47,uci_online_retail_ii,product,2010-W47,small,10
small_product_2010-W50,uci_online_retail_ii,product,2010-W50,small,10
small_product_2011-W36,uci_online_retail_ii,product,2011-W36,small,8
small_product_2011-W47,uci_online_retail_ii,product,2011-W47,small,6
