Entity,Revenue_TW,Revenue_LW,Revenue_LY,Units_TW,Units_LW,Orders_TW,Orders_LW,WoW_Pct,YoY_Pct,Share_Pct,Rank
RABBIT NIGHT LIGHT,2152.9,1531.13,0.0,1160,768,29,14,40.6,,3.4,1
WOOD BLACK BOARD ANT WHITE FINISH,2057.46,344.85,1099.98,370,47,23,9,496.6,87.0,3.2,2
REGENCY CAKESTAND 3 TIER,1991.04,2907.39,5262.87,147,242,27,33,-31.5,-62.2,3.1,3
RED  HARMONICA IN BOX,1731.06,411.9,786.11,1621,366,8,9,320.3,120.2,2.7,4
JUMBO BAG RED RETROSPOT,1554.01,2941.59,3219.09,717,1518,44,43,-47.2,-51.7,2.5,5
PARTY BUNTING,1410.09,2730.41,67.76,207,471,34,41,-48.4,1981.0,2.2,6
SMALL ZINC HEART WALL ORGANISER,1367.02,11.5,0.0,409,2,2,1,11787.1,,2.2,7
WHITE HANGING HEART T-LIGHT HOLDER,1096.24,2054.09,2442.16,396,775,33,33,-46.6,-55.1,1.7,8
COLOUR GLASS. STAR T-LIGHT HOLDER,1092.71,135.25,207.02,393,49,6,3,707.9,427.8,1.7,9
CHILLI LIGHTS,1084.56,642.0,645.38,210,110,7,12,68.9,68.0,1.7,10
SPOTTY BUNTING,1068.76,2207.23,0.0,164,397,26,44,-51.6,,1.7,11
CREAM HEART CARD HOLDER,970.4,185.65,1269.73,382,47,11,10,422.7,-23.6,1.5,12
JUMBO BAG VINTAGE DOILY,927.2,1183.88,0.0,450,611,34,32,-21.7,,1.5,13
FELTCRAFT PRINCESS OLIVIA DOLL,884.85,67.5,3.75,259,18,4,6,1210.9,23496.0,1.4,14
WOODEN PICTURE FRAME WHITE FINISH,842.84,670.92,273.56,390,274,16,25,25.6,208.1,1.3,15
CHRISTMAS LIGHTS 10 REINDEER,805.13,8.5,0.0,122,1,3,1,9372.1,,1.3,16
BLACK HEART CARD HOLDER,800.18,47.4,1030.29,336,12,5,2,1588.1,-22.3,1.3,17
MINI PAINT SET VINTAGE,757.12,210.6,48.46,1336,324,8,9,259.5,1462.4,1.2,18
JUMBO STORAGE BAG SUKI,751.86,757.73,1162.14,312,356,29,22,-0.8,-35.3,1.2,19
JUMBO BAG SPACEBOY DESIGN,726.48,595.0,947.19,386,310,17,16,22.1,-23.3,1.1,20
POPCORN HOLDER,706.54,645.94,0.0,856,826,25,20,9.4,,1.1,21
HOT WATER BOTTLE KEEP CALM,693.41,467.1,0.0,147,106,20,12,48.5,,1.1,22
VICTORIAN GLASS HANGING T-LIGHT,685.2,552.88,165.03,493,456,14,13,23.9,315.2,1.1,23
PAPER CHAIN KIT VINTAGE CHRISTMAS,665.83,44.25,0.0,257,15,7,4,1404.7,,1.1,24
ROSES REGENCY TEACUP AND SAUCER,644.75,253.04,197.03,185,80,25,15,154.8,227.2,1.0,25
36 DOILIES VINTAGE CHRISTMAS,635.74,97.15,0.0,496,67,7,5,554.4,,1.0,26
SET 6 SCHOOL MILK BOTTLES IN CRATE,628.67,257.61,0.0,114,71,28,15,144.0,,1.0,27
BLACK RECORD COVER FRAME,614.36,75.0,63.99,176,20,6,4,719.1,860.1,1.0,28
TRADITIONAL WOODEN SKIPPING ROPE,608.52,20.3,195.17,458,14,6,2,2897.6,211.8,1.0,29
JUMBO  BAG BAROQUE BLACK WHITE,598.37,280.71,895.51,264,132,22,15,113.2,-33.2,0.9,30
JUMBO BAG APPLES,597.9,2400.75,0.0,260,1265,28,29,-75.1,,0.9,31
HOME SWEET HOME MUG,585.63,26.25,51.72,535,21,8,5,2131.0,1032.3,0.9,32
JUMBO BAG PINK POLKADOT,573.29,1232.22,0.0,248,619,25,23,-53.5,,0.9,33
REGENCY TEAPOT ROSES,570.48,159.2,0.0,63,16,9,6,258.3,,0.9,34
GREEN REGENCY TEACUP AND SAUCER,569.48,223.54,342.23,168,70,22,14,154.8,66.4,0.9,35
JUMBO BAG PEARS,563.35,651.44,0.0,280,343,19,18,-13.5,,0.9,36
LUNCH BAG VINTAGE DOILY,555.94,757.35,0.0,322,459,30,43,-26.6,,0.9,37
JUMBO BAG STRAWBERRY,555.44,1601.76,1451.66,278,872,17,19,-65.3,-61.7,0.9,38
JUMBO BAG VINTAGE LEAF,555.24,684.6,0.0,273,345,27,25,-18.9,,0.9,39
JUMBO BAG PINK VINTAGE PAISLEY,550.75,189.28,1837.72,217,91,29,13,191.0,-70.0,0.9,40
BINGO SET,547.5,86.25,7.5,146,23,3,6,534.8,7200.0,0.9,41
LUNCH BAG SUKI DESIGN,545.51,637.18,0.0,270,330,29,35,-14.4,,0.9,42
WOOD 2 DRAWER CABINET WHITE FINISH,545.08,234.2,252.57,82,36,20,10,132.7,115.8,0.9,43
PINK HAPPY BIRTHDAY BUNTING,537.48,158.05,43.6,104,29,10,6,240.1,1132.8,0.8,44
LUNCH BOX I LOVE LONDON,527.22,185.64,665.13,302,104,15,10,184.0,-20.7,0.8,45
SET OF 3 REGENCY CAKE TINS,524.09,913.2,0.0,87,200,30,29,-42.6,,0.8,46
LUNCH BAG  BLACK SKULL.,523.68,820.31,552.54,187,417,31,38,-36.2,-5.2,0.8,47
PAPER CHAIN KIT 50'S CHRISTMAS,520.28,86.28,20.31,192,28,12,7,503.0,2461.7,0.8,48
LUNCH BAG WOODLAND,494.4,454.06,575.22,229,213,23,26,8.9,-14.1,0.8,49
NATURAL SLATE HEART CHALKBOARD,485.32,376.1,230.14,148,134,26,14,29.0,110.9,0.8,50
LUNCH BAG APPLE DESIGN,479.56,612.25,0.0,202,337,26,34,-21.7,,0.8,51
SET OF 3 CAKE TINS PANTRY DESIGN,463.3,353.71,0.0,70,69,29,24,31.0,,0.7,52
WOODEN FRAME ANTIQUE WHITE,447.15,724.15,435.81,158,265,21,23,-38.3,2.6,0.7,53
ALARM CLOCK BAKELIKE GREEN,438.83,1096.99,0.0,108,301,19,23,-60.0,,0.7,54
PINK REGENCY TEACUP AND SAUCER,437.72,281.79,266.29,136,93,19,13,55.3,64.4,0.7,55
JUMBO BAG OWLS,435.3,1652.99,879.6,170,858,22,25,-73.7,-50.5,0.7,56
PLASTERS IN TIN STRONGMAN,428.96,107.25,106.51,256,65,10,6,300.0,302.7,0.7,57
JAM MAKING SET WITH JARS,428.93,201.62,0.0,89,46,20,12,112.7,,0.7,58
SET OF 4 KNICK KNACK TINS DOILY,427.3,636.5,0.0,88,158,19,24,-32.9,,0.7,59
ANTIQUE SILVER TEA GLASS ENGRAVED,424.92,243.96,120.0,375,228,9,3,74.2,254.1,0.7,60
WHITE METAL LANTERN,424.58,183.05,139.55,72,51,6,4,131.9,204.2,0.7,61
LARGE WHITE HEART OF WICKER,417.6,306.8,0.0,140,104,24,15,36.1,,0.7,62
RECIPE BOX PANTRY YELLOW DESIGN,410.2,134.88,174.08,120,32,26,11,204.1,135.6,0.6,63
LOVE HOT WATER BOTTLE,410.15,148.75,0.0,77,25,10,6,175.7,,0.6,64
ROUND SNACK BOXES SET OF4 WOODLAND,407.89,622.4,0.0,139,224,18,17,-34.5,,0.6,65
"ASSORTED FLOWER COLOUR ""LEIS""",403.2,15.6,78.0,960,24,1,1,2484.6,416.9,0.6,66
JUMBO BAG SCANDINAVIAN BLUE PAISLEY,401.25,711.05,0.0,185,345,20,13,-43.6,,0.6,67
JUMBO SHOPPER VINTAGE RED PAISLEY,400.65,700.01,893.53,155,312,23,22,-42.8,-55.2,0.6,68
JUMBO STORAGE BAG SKULLS,399.87,215.68,335.45,192,94,21,13,85.4,19.2,0.6,69
BLUE HAPPY BIRTHDAY BUNTING,397.63,158.05,0.0,71,29,9,7,151.6,,0.6,70
CHARLOTTE BAG SUKI DESIGN,396.42,677.76,824.55,261,432,19,20,-41.5,-51.9,0.6,71
RED DINER WALL CLOCK,394.62,168.3,0.0,45,21,10,8,134.5,,0.6,72
LOVE BUILDING BLOCK WORD,391.44,130.9,458.02,57,22,15,9,199.0,-14.5,0.6,73
DOORMAT RED RETROSPOT,385.77,320.04,0.0,45,40,15,13,20.5,,0.6,74
LUNCH BAG CARS BLUE,382.02,652.01,258.2,190,343,20,38,-41.4,48.0,0.6,75
ASSORTED COLOUR BIRD ORNAMENT,376.48,1321.3,1562.67,216,850,12,26,-71.5,-75.9,0.6,76
VINTAGE UNION JACK BUNTING,376.27,216.46,1509.6,40,25,9,9,73.8,-75.1,0.6,77
JUMBO BAG ALPHABET,374.42,1831.4,0.0,169,980,25,32,-79.6,,0.6,78
DOLLY GIRL LUNCH BOX,373.14,984.06,1179.33,187,572,21,15,-62.1,-68.4,0.6,79
LUNCH BAG RED RETROSPOT,372.98,661.95,0.0,202,341,34,33,-43.7,,0.6,80
CHOCOLATE HOT WATER BOTTLE,366.55,635.77,106.19,60,128,10,12,-42.3,245.2,0.6,81
3 DRAWER ANTIQUE WHITE WOOD CABINET,360.6,26.85,0.0,36,3,15,2,1243.0,,0.6,82
DOUGHNUT LIP GLOSS,350.22,175.0,0.0,307,140,9,6,100.1,,0.6,83
RED KITCHEN SCALES,348.89,181.9,236.24,39,23,15,6,91.8,47.7,0.6,84
PLASTERS IN TIN WOODLAND ANIMALS,348.11,123.74,212.85,207,74,17,10,181.3,63.5,0.5,85
SET OF TEA COFFEE SUGAR TINS PANTRY,346.0,325.7,0.0,64,54,17,14,6.2,,0.5,86
FANCY FONTS BIRTHDAY WRAP,340.0,21.0,21.0,1000,50,1,2,1519.0,1519.0,0.5,87
PANTRY ROLLING PIN,333.59,56.25,0.0,85,15,6,4,493.0,,0.5,88
WOODEN BOX OF DOMINOES,333.35,78.62,233.63,263,58,10,8,324.0,42.7,0.5,89
6 RIBBONS RUSTIC CHARM,333.19,320.12,306.11,177,188,22,22,4.1,8.8,0.5,90
ALARM CLOCK BAKELIKE PINK,331.34,1584.16,0.0,80,456,17,15,-79.1,,0.5,91
PAPER BUNTING RETROSPOT,328.99,579.59,0.0,85,209,15,14,-43.2,,0.5,92
SET 40 HEART SHAPE PETIT FOUR CASES,328.39,252.44,0.0,195,152,14,12,30.1,,0.5,93
ALARM CLOCK BAKELIKE RED,322.54,1667.45,0.0,76,477,15,21,-80.7,,0.5,94
DOORMAT NEW ENGLAND,322.43,154.95,0.0,43,21,10,6,108.1,,0.5,95
HAND WARMER OWL DESIGN,311.93,509.4,0.0,159,254,7,11,-38.8,,0.5,96
IVORY KITCHEN SCALES,310.95,350.2,236.3,33,44,15,9,-11.2,31.6,0.5,97
MULTI COLOUR SILVER T-LIGHT HOLDER,307.68,71.4,81.6,414,84,5,3,330.9,277.1,0.5,98
WOODEN SCHOOL COLOURING SET,302.84,97.35,93.37,200,59,8,7,211.1,224.3,0.5,99
ABC TREASURE BOOK BOX,296.79,60.91,0.0,148,25,5,6,387.3,,0.5,100
LUNCH BOX WITH CUTLERY RETROSPOT,296.29,68.29,337.57,123,23,14,6,333.9,-12.2,0.5,101
LUNCH BAG SPACEBOY DESIGN,295.53,526.53,424.76,139,283,22,35,-43.9,-30.4,0.5,102
"RECORD FRAME 7"" SINGLE SIZE",293.41,90.77,30.6,96,21,9,4,223.2,858.9,0.5,103
FAMILY ALBUM WHITE PICTURE FRAME,293.06,68.0,222.66,23,8,12,4,331.0,31.6,0.5,104
TREASURE ISLAND BOOK BOX,292.21,54.16,0.0,147,22,4,5,439.5,,0.5,105
SET OF 16 VINTAGE SKY BLUE CUTLERY,288.3,0.0,0.0,26,0,3,0,,,0.5,106
SET OF 16 VINTAGE BLACK CUTLERY,288.3,0.0,76.5,26,0,2,0,,276.9,0.5,106
SET OF 16 VINTAGE ROSE CUTLERY,287.76,12.75,313.79,25,1,2,1,2156.9,-8.3,0.5,108
HAND WARMER RED RETROSPOT,286.8,360.3,0.0,148,183,7,7,-20.4,,0.5,109
JAM MAKING SET PRINTED,286.14,474.62,0.0,166,350,28,17,-39.7,,0.5,110
