item_type,note_id,table_id,strategy,model,line_idx,text,item,gate_label,evidence,human_label
claim,medium_product_2009-W50__S1__mock__r2,medium_product_2009-W50,S1,mock,1,,"WHITE HANGING HEART T-LIGHT HOLDER | revenue | LW | £4,942.19",Correct,WHITE HANGING HEART T-LIGHT HOLDER.Revenue_LW=4942.19,
claim,small_country_2010-W18__S3__mock__r2,small_country_2010-W18,S3,mock,5,,United Kingdom | orders | LW | 397,Correct,United Kingdom.Orders_LW=397,
number,large_product_2010-W04__S1__mock__r1,large_product_2010-W04,S1,mock,4,"- KENSINGTON COFFEE SET revenue fell 83.6% WoW to £1,632.90 TW",83.6%,Unsupported,,
claim,large_product_2011-W42__S1__mock__r2,large_product_2011-W42,S1,mock,1,,"LANDMARK FRAME OXFORD STREET | revenue | TW | £3,753.90",Correct,LANDMARK FRAME OXFORD STREET.Revenue_TW=3753.9,
number,small_product_2010-W50__S3__mock__r2,small_product_2010-W50,S3,mock,6,- WHITE HANGING HEART T-LIGHT HOLDER had the most orders with 68 orders TW versus 86 LW,68,Supported_cell,"cell(WHITE HANGING HEART T-LIGHT HOLDER, Orders_TW)=68",
number,medium_product_2011-W42__S2__mock__r2,medium_product_2011-W42,S2,mock,6,"- LANDMARK FRAME NOTTING HILL revenue was £3,367.20 TW","£3,367.20",Unsupported,,
claim,large_product_2010-W04__S1__mock__r1,large_product_2010-W04,S1,mock,1,,WHITE HANGING HEART T-LIGHT HOLDER | revenue | WoW | 1.4%,Correct,WHITE HANGING HEART T-LIGHT HOLDER.Revenue_WoW_Pct=-1.4,
number,medium_product_2009-W50__S3__mock__r2,medium_product_2009-W50,S3,mock,0,"- WHITE HANGING HEART T-LIGHT HOLDER led revenue with £8.4k TW, a 13.6% share of the 30 products shown",13.6%,Supported_cell,"cell(WHITE HANGING HEART T-LIGHT HOLDER, Share_Pct)=13.6",
claim,small_country_2010-W18__S2__mock__r1,small_country_2010-W18,S2,mock,6,,Netherlands | share | TW | 10.5%,Wrong_value,Netherlands.Share_Pct=11.4,
number,small_country_2010-W18__S4__mock__r2,small_country_2010-W18,S4,mock,4,"- Netherlands (largest WoW increase): revenue change +1414.9% WoW, revenue £18,002.00 TW versus £1,188.30 LW",+1414.9%,Supported_cell,"cell(Netherlands, WoW_Pct)=1414.9",
number,large_product_2010-W04__S1__mock__r2,large_product_2010-W04,S1,mock,3,"- CHERRY DESIGN PAPERLANTERNS posted the largest WoW gain, up 14999.8% to £635.70 TW",£635.70,Supported_cell,"cell(CHERRY DESIGN PAPERLANTERNS, Revenue_TW)=635.7",
claim,large_product_2010-W04__S4__mock__r1,large_product_2010-W04,S4,mock,4,,CHERRY DESIGN PAPERLANTERNS | revenue | LW | £4.21,Correct,CHERRY DESIGN PAPERLANTERNS.Revenue_LW=4.21,
number,medium_product_2011-W42__S2__mock__r2,medium_product_2011-W42,S2,mock,4,"- LANDMARK FRAME OXFORD STREET revenue was £3,753.90 TW","£3,753.90",Supported_cell,"cell(LANDMARK FRAME OXFORD STREET, Revenue_TW)=3753.9",
number,large_product_2010-W04__S2__mock__r2,large_product_2010-W04,S2,mock,1,- Total revenue was up 46.0% WoW,46.0%,Supported_derived,"pct_change(sum(Revenue_TW), sum(Revenue_LW))=46.0134",
number,small_product_2010-W50__S4__mock__r2,small_product_2010-W50,S4,mock,2,"- WHITE HANGING HEART T-LIGHT HOLDER: rank 2, revenue £4,251.25 TW, share 15.3% TW, revenue change +20.1% WoW",15.3%,Supported_cell,"cell(WHITE HANGING HEART T-LIGHT HOLDER, Share_Pct)=15.3",
number,medium_product_2009-W50__S1__mock__r2,medium_product_2009-W50,S1,mock,6,- WHITE HANGING HEART T-LIGHT HOLDER had the most orders with 119 orders TW versus 93 LW,119,Unsupported,,
claim,large_product_2010-W04__S3__mock__r1,large_product_2010-W04,S3,mock,7,,TOTAL | revenue | WoW | 46.0%,Correct,TOTAL.Revenue_WoW_Pct=46.0134,
claim,small_product_2010-W50__S3__mock__r2,small_product_2010-W50,S3,mock,4,,PAPER CHAIN KIT 50'S CHRISTMAS | revenue | WoW | 46.9%,Correct,PAPER CHAIN KIT 50'S CHRISTMAS.Revenue_WoW_Pct=-46.9,
claim,small_product_2010-W50__S1__mock__r2,small_product_2010-W50,S1,mock,3,,GROW A FLYTRAP OR SUNFLOWER IN TIN | revenue | WoW | 8547.2%,Wrong_value,GROW A FLYTRAP OR SUNFLOWER IN TIN.Revenue_WoW_Pct=8063.4,
claim,small_country_2010-W18__S1__mock__r2,small_country_2010-W18,S1,mock,5,,United Kingdom | orders | TW | 314,Correct,United Kingdom.Orders_TW=314,
number,small_country_2010-W18__S2__mock__r2,small_country_2010-W18,S2,mock,1,- Total revenue was down 11.9% WoW,11.9%,Supported_derived,"pct_change(sum(Revenue_TW), sum(Revenue_LW))=-11.9024",
number,medium_product_2009-W50__S1__mock__r2,medium_product_2009-W50,S1,mock,2,"- EDWARDIAN PARASOL BLACK ranked 2nd with £3,448.60 TW",2nd,Supported_cell,"cell(EDWARDIAN PARASOL BLACK, Rank)=2",
claim,medium_product_2011-W42__S3__mock__r1,medium_product_2011-W42,S3,mock,5,,HOT WATER BOTTLE KEEP CALM | orders | LW | 38,Correct,HOT WATER BOTTLE KEEP CALM.Orders_LW=38,
claim,large_product_2010-W04__S3__mock__r2,large_product_2010-W04,S3,mock,7,,TOTAL | revenue | TW | £61.8k,Correct,TOTAL.Revenue_TW=61756.5,
number,small_country_2010-W18__S1__mock__r2,small_country_2010-W18,S1,mock,5,- United Kingdom had the most orders with 314 orders TW versus 397 LW,314,Supported_cell,"cell(United Kingdom, Orders_TW)=314",
claim,medium_product_2011-W42__S1__mock__r2,medium_product_2011-W42,S1,mock,6,,TOTAL | revenue | WoW | 150.8%,Correct,TOTAL.Revenue_WoW_Pct=150.802,
number,small_country_2010-W18__S3__mock__r2,small_country_2010-W18,S3,mock,6,"- Total revenue across the countries shown was £157.7k TW, down 11.9% WoW",£157.7k,Supported_derived,sum(Revenue_TW)=157731,
claim,large_product_2010-W04__S1__mock__r1,large_product_2010-W04,S1,mock,3,,CHERRY DESIGN PAPERLANTERNS | revenue | WoW | 16649.8%,Wrong_value,CHERRY DESIGN PAPERLANTERNS.Revenue_WoW_Pct=14999.8,
claim,large_product_2010-W04__S2__mock__r2,large_product_2010-W04,S2,mock,7,,RED HANGING HEART T-LIGHT HOLDER | revenue | WoW | 127.1%,Wrong_value,RED HANGING HEART T-LIGHT HOLDER.Revenue_WoW_Pct=119.9,
number,large_product_2010-W04__S3__mock__r1,large_product_2010-W04,S3,mock,7,"- Total revenue across the products shown was £61.8k TW, up 46.0% WoW",46.0%,Supported_derived,"pct_change(sum(Revenue_TW), sum(Revenue_LW))=46.0134",
claim,small_country_2010-W18__S4__mock__r1,small_country_2010-W18,S4,mock,5,,"United Kingdom | revenue | TW | £117,273.84",Correct,United Kingdom.Revenue_TW=117274,
number,medium_product_2009-W50__S3__mock__r2,medium_product_2009-W50,S3,mock,4,"- PAPER CHAIN KIT 50'S CHRISTMAS revenue fell 61.8% WoW to £2,143.03 TW","£2,143.03",Supported_cell,"cell(PAPER CHAIN KIT 50'S CHRISTMAS, Revenue_TW)=2143.03",
claim,medium_product_2011-W42__S2__mock__r2,medium_product_2011-W42,S2,mock,5,,LANDMARK FRAME OXFORD STREET | share | TW | 5.9%,Wrong_entity,value belongs to LANDMARK FRAME BAKER STREET.Share_Pct=5.9; claimed LANDMARK FRAME OXFORD STREET,
number,large_product_2011-W42__S2__mock__r1,large_product_2011-W42,S2,mock,2,"- LANDMARK FRAME COVENT GARDEN revenue was £3,766.40 TW","£3,766.40",Supported_cell,"cell(LANDMARK FRAME COVENT GARDEN, Revenue_TW)=3766.4",
claim,small_product_2010-W50__S1__mock__r2,small_product_2010-W50,S1,mock,0,,REGENCY CAKESTAND 3 TIER | revenue | TW | £5.4k,Wrong_value,REGENCY CAKESTAND 3 TIER.Revenue_TW=5919.72,
number,medium_product_2009-W50__S3__mock__r2,medium_product_2009-W50,S3,mock,7,"- Total revenue across the products shown was £61.8k TW, up 11.8% WoW",11.8%,Supported_derived,"pct_change(sum(Revenue_TW), sum(Revenue_LW))=11.7601",
number,small_product_2010-W50__S3__mock__r1,small_product_2010-W50,S3,mock,7,"- Total revenue across the products shown was £27.7k TW, down 8.4% WoW",£27.7k,Supported_derived,sum(Revenue_TW)=27724.7,
claim,medium_product_2009-W50__S3__mock__r2,medium_product_2009-W50,S3,mock,2,,EDWARDIAN PARASOL BLACK | rank | TW | 2nd,Correct,EDWARDIAN PARASOL BLACK.Rank=2,
number,medium_product_2011-W42__S1__mock__r2,medium_product_2011-W42,S1,mock,2,"- GINGHAM HEART DECORATION posted the largest WoW gain, up 2054.1% to £1,565.58 TW","£1,565.58",Supported_cell,"cell(GINGHAM HEART DECORATION, Revenue_TW)=1565.58",
number,small_country_2010-W18__S4__mock__r1,small_country_2010-W18,S4,mock,0,"- Total: revenue £157,731.41 TW, revenue £179,041.64 LW, revenue change -11.9% WoW","£179,041.64",Supported_derived,sum(Revenue_LW)=179042,
claim,large_product_2010-W04__S4__mock__r2,large_product_2010-W04,S4,mock,2,,"RED HANGING HEART T-LIGHT HOLDER | revenue | TW | £1,807.91",Correct,RED HANGING HEART T-LIGHT HOLDER.Revenue_TW=1807.91,
number,medium_product_2009-W50__S2__mock__r2,medium_product_2009-W50,S2,mock,4,- WHITE HANGING HEART T-LIGHT HOLDER revenue was up 70.1% WoW,70.1%,Supported_cell,"cell(WHITE HANGING HEART T-LIGHT HOLDER, WoW_Pct)=70.1",
number,small_product_2010-W50__S2__mock__r1,small_product_2010-W50,S2,mock,1,- Total revenue was down 8.4% WoW,8.4%,Supported_derived,"pct_change(sum(Revenue_TW), sum(Revenue_LW))=-8.41761",
number,large_product_2010-W04__S1__mock__r2,large_product_2010-W04,S1,mock,7,"- Total revenue across the products shown was £68.5k TW, up 46.0% WoW",46.0%,Supported_derived,"pct_change(sum(Revenue_TW), sum(Revenue_LW))=46.0134",
number,medium_product_2009-W50__S2__mock__r2,medium_product_2009-W50,S2,mock,5,"- EDWARDIAN PARASOL BLACK revenue was £3,655.52 TW","£3,655.52",Unsupported,,
claim,small_product_2010-W50__S4__mock__r1,small_product_2010-W50,S4,mock,5,,PAPER CHAIN KIT 50'S CHRISTMAS | revenue | WoW | -46.9%,Correct,PAPER CHAIN KIT 50'S CHRISTMAS.Revenue_WoW_Pct=-46.9,
number,medium_product_2009-W50__S4__mock__r2,medium_product_2009-W50,S4,mock,0,"- Total: revenue £61,834.59 TW, revenue £55,327.99 LW, revenue change +11.8% WoW",+11.8%,Supported_derived,"pct_change(sum(Revenue_TW), sum(Revenue_LW))=11.7601",
number,small_country_2010-W18__S4__mock__r1,small_country_2010-W18,S4,mock,2,"- Netherlands: rank 2, revenue £18,002.00 TW, share 11.4% TW, revenue change +1414.9% WoW",+1414.9%,Supported_cell,"cell(Netherlands, WoW_Pct)=1414.9",
number,small_product_2010-W50__S1__mock__r1,small_product_2010-W50,S1,mock,7,"- Total revenue across the products shown was £27.7k TW, down 9.3% WoW",£27.7k,Supported_derived,sum(Revenue_TW)=27724.7,
number,medium_product_2011-W42__S4__mock__r1,medium_product_2011-W42,S4,mock,4,"- GINGHAM HEART DECORATION (largest WoW increase): revenue change +2054.1% WoW, revenue £1,565.58 TW versus £72.68 LW",+2054.1%,Supported_cell,"cell(GINGHAM HEART DECORATION, WoW_Pct)=2054.1",
number,medium_product_2009-W50__S1__mock__r1,medium_product_2009-W50,S1,mock,1,"- WHITE HANGING HEART T-LIGHT HOLDER revenue was up 70.1% WoW from £5,485.83 LW","£5,485.83",Unsupported,,
claim,medium_product_2009-W50__S1__mock__r2,medium_product_2009-W50,S1,mock,5,,"WHITE HANGING HEART T-LIGHT HOLDER | units | LW | 1,851",Correct,WHITE HANGING HEART T-LIGHT HOLDER.Units_LW=1851,
claim,large_product_2011-W42__S3__mock__r1,large_product_2011-W42,S3,mock,1,,LANDMARK FRAME OXFORD STREET | rank | TW | 2nd,Correct,LANDMARK FRAME OXFORD STREET.Rank=2,
number,small_product_2010-W50__S2__mock__r2,small_product_2010-W50,S2,mock,1,- Total revenue was down 8.4% WoW,8.4%,Supported_derived,"pct_change(sum(Revenue_TW), sum(Revenue_LW))=-8.41761",
claim,large_product_2011-W42__S1__mock__r2,large_product_2011-W42,S1,mock,3,,WHITE HANGING HEART T-LIGHT HOLDER | revenue | TW | £689.94,Correct,WHITE HANGING HEART T-LIGHT HOLDER.Revenue_TW=689.94,
number,small_product_2010-W50__S1__mock__r2,small_product_2010-W50,S1,mock,0,"- REGENCY CAKESTAND 3 TIER led revenue with £5.4k TW, a 21.4% share of the 10 products shown",£5.4k,Unsupported,,
claim,medium_product_2011-W42__S1__mock__r1,medium_product_2011-W42,S1,mock,5,,HOT WATER BOTTLE KEEP CALM | orders | TW | 7,Wrong_entity,value belongs to LANDMARK FRAME BAKER STREET.Orders_TW=7; claimed HOT WATER BOTTLE KEEP CALM,
number,large_product_2011-W42__S4__mock__r2,large_product_2011-W42,S4,mock,3,"- LANDMARK FRAME NOTTING HILL: rank 3, revenue £3,660.00 TW, share 3.2% TW",3,Supported_cell,"cell(LANDMARK FRAME NOTTING HILL, Rank)=3",
number,medium_product_2009-W50__S1__mock__r2,medium_product_2009-W50,S1,mock,7,"- Total revenue across the products shown was £61.8k TW, up 11.8% WoW",£61.8k,Supported_derived,sum(Revenue_TW)=61834.6,
number,large_product_2010-W04__S4__mock__r1,large_product_2010-W04,S4,mock,0,"- Total: revenue £61,756.48 TW, revenue £42,295.08 LW, revenue change +49.2% WoW",+49.2%,Unsupported,,
number,small_product_2010-W50__S4__mock__r2,small_product_2010-W50,S4,mock,5,"- PAPER CHAIN KIT 50'S CHRISTMAS (largest WoW decrease): revenue change -46.9% WoW, revenue £2,149.75 TW versus £4,048.91 LW","£4,048.91",Supported_cell,"cell(PAPER CHAIN KIT 50'S CHRISTMAS, Revenue_LW)=4048.91",
claim,medium_product_2009-W50__S3__mock__r2,medium_product_2009-W50,S3,mock,6,,WHITE HANGING HEART T-LIGHT HOLDER | orders | TW | 119,Wrong_value,WHITE HANGING HEART T-LIGHT HOLDER.Orders_TW=112,
claim,medium_product_2009-W50__S2__mock__r2,medium_product_2009-W50,S2,mock,4,,WHITE HANGING HEART T-LIGHT HOLDER | revenue | WoW | 70.1%,Correct,WHITE HANGING HEART T-LIGHT HOLDER.Revenue_WoW_Pct=70.1,
number,large_product_2010-W04__S2__mock__r2,large_product_2010-W04,S2,mock,0,"- Total revenue was £61,756.48 TW","£61,756.48",Supported_derived,sum(Revenue_TW)=61756.5,
number,large_product_2010-W04__S3__mock__r1,large_product_2010-W04,S3,mock,7,"- Total revenue across the products shown was £61.8k TW, up 46.0% WoW",£61.8k,Supported_derived,sum(Revenue_TW)=61756.5,
number,medium_product_2011-W42__S1__mock__r1,medium_product_2011-W42,S1,mock,6,"- Total revenue across the products shown was £58.3k TW, up 150.8% WoW",150.8%,Supported_derived,"pct_change(sum(Revenue_TW), sum(Revenue_LW))=150.802",
claim,medium_product_2009-W50__S4__mock__r2,medium_product_2009-W50,S4,mock,5,,"PAPER CHAIN KIT 50'S CHRISTMAS | revenue | LW | £5,604.38",Correct,PAPER CHAIN KIT 50'S CHRISTMAS.Revenue_LW=5604.38,
claim,small_product_2010-W50__S3__mock__r1,small_product_2010-W50,S3,mock,0,,REGENCY CAKESTAND 3 TIER | share | TW | 21.4%,Correct,REGENCY CAKESTAND 3 TIER.Share_Pct=21.4,
claim,large_product_2010-W04__S3__mock__r2,large_product_2010-W04,S3,mock,6,,WHITE HANGING HEART T-LIGHT HOLDER | orders | LW | 66,Correct,WHITE HANGING HEART T-LIGHT HOLDER.Orders_LW=66,
number,large_product_2011-W42__S2__mock__r1,large_product_2011-W42,S2,mock,0,"- Total revenue was £112,643.90 TW","£112,643.90",Supported_derived,sum(Revenue_TW)=112644,
claim,medium_product_2009-W50__S3__mock__r1,medium_product_2009-W50,S3,mock,2,,EDWARDIAN PARASOL BLACK | rank | TW | 2nd,Correct,EDWARDIAN PARASOL BLACK.Rank=2,
number,small_country_2010-W18__S4__mock__r2,small_country_2010-W18,S4,mock,0,"- Total: revenue £157,731.41 TW, revenue £179,041.64 LW, revenue change -11.9% WoW",-11.9%,Supported_derived,"pct_change(sum(Revenue_TW), sum(Revenue_LW))=-11.9024",
number,large_product_2010-W04__S1__mock__r2,large_product_2010-W04,S1,mock,0,"- WHITE HANGING HEART T-LIGHT HOLDER led revenue with £3.7k TW, a 6.1% share of the 109 products shown",6.1%,Supported_cell,"cell(WHITE HANGING HEART T-LIGHT HOLDER, Share_Pct)=6.1",
number,small_country_2010-W18__S1__mock__r2,small_country_2010-W18,S1,mock,0,"- United Kingdom led revenue with £117.3k TW, a 70.7% share of the 6 countries shown",70.7%,Unsupported,,
claim,medium_product_2009-W50__S1__mock__r1,medium_product_2009-W50,S1,mock,6,,WHITE HANGING HEART T-LIGHT HOLDER | orders | TW | 112,Correct,WHITE HANGING HEART T-LIGHT HOLDER.Orders_TW=112,
claim,large_product_2010-W04__S2__mock__r2,large_product_2010-W04,S2,mock,4,,WHITE HANGING HEART T-LIGHT HOLDER | revenue | WoW | 1.4%,Correct,WHITE HANGING HEART T-LIGHT HOLDER.Revenue_WoW_Pct=-1.4,
claim,medium_product_2009-W50__S1__mock__r1,medium_product_2009-W50,S1,mock,5,,"WHITE HANGING HEART T-LIGHT HOLDER | units | LW | 2,055",Wrong_value,WHITE HANGING HEART T-LIGHT HOLDER.Units_LW=1851,
claim,large_product_2011-W42__S2__mock__r2,large_product_2011-W42,S2,mock,0,,"TOTAL | revenue | TW | £112,643.90",Correct,TOTAL.Revenue_TW=112644,
number,small_product_2010-W50__S4__mock__r1,small_product_2010-W50,S4,mock,5,"- PAPER CHAIN KIT 50'S CHRISTMAS (largest WoW decrease): revenue change -46.9% WoW, revenue £2,149.75 TW versus £4,048.91 LW","£2,149.75",Supported_cell,"cell(PAPER CHAIN KIT 50'S CHRISTMAS, Revenue_TW)=2149.75",
claim,medium_product_2011-W42__S3__mock__r1,medium_product_2011-W42,S3,mock,0,,LANDMARK FRAME COVENT GARDEN | share | TW | 2.0%,Wrong_entity,value belongs to JUMBO BAG 50'S CHRISTMAS.Share_Pct=2; claimed LANDMARK FRAME COVENT GARDEN,
number,small_country_2010-W18__S1__mock__r1,small_country_2010-W18,S1,mock,0,"- United Kingdom led revenue with £117.3k TW, a 74.4% share of the 6 countries shown",74.4%,Supported_cell,"cell(United Kingdom, Share_Pct)=74.4",
number,medium_product_2009-W50__S1__mock__r2,medium_product_2009-W50,S1,mock,7,"- Total revenue across the products shown was £61.8k TW, up 11.8% WoW",11.8%,Supported_derived,"pct_change(sum(Revenue_TW), sum(Revenue_LW))=11.7601",
claim,large_product_2011-W42__S1__mock__r1,large_product_2011-W42,S1,mock,3,,WHITE HANGING HEART T-LIGHT HOLDER | revenue | WoW | 63.6%,Correct,WHITE HANGING HEART T-LIGHT HOLDER.Revenue_WoW_Pct=-63.6,
claim,large_product_2011-W42__S2__mock__r1,large_product_2011-W42,S2,mock,3,,LANDMARK FRAME COVENT GARDEN | share | TW | 3.3%,Correct,LANDMARK FRAME COVENT GARDEN.Share_Pct=3.3,
claim,small_product_2010-W50__S3__mock__r2,small_product_2010-W50,S3,mock,6,,WHITE HANGING HEART T-LIGHT HOLDER | orders | TW | 68,Correct,WHITE HANGING HEART T-LIGHT HOLDER.Orders_TW=68,
number,medium_product_2009-W50__S2__mock__r1,medium_product_2009-W50,S2,mock,7,- EDWARDIAN PARASOL BLACK revenue was down 12.2% WoW,12.2%,Supported_cell,"cell(EDWARDIAN PARASOL BLACK, WoW_Pct)=-12.2",
claim,large_product_2010-W04__S2__mock__r1,large_product_2010-W04,S2,mock,0,,"TOTAL | revenue | TW | £61,756.48",Correct,TOTAL.Revenue_TW=61756.5,
claim,large_product_2010-W04__S4__mock__r1,large_product_2010-W04,S4,mock,2,,RED HANGING HEART T-LIGHT HOLDER | revenue | WoW | +119.9%,Correct,RED HANGING HEART T-LIGHT HOLDER.Revenue_WoW_Pct=119.9,
number,medium_product_2011-W42__S3__mock__r1,medium_product_2011-W42,S3,mock,6,"- Total revenue across the products shown was £58.3k TW, up 150.8% WoW",150.8%,Supported_derived,"pct_change(sum(Revenue_TW), sum(Revenue_LW))=150.802",
number,medium_product_2009-W50__S3__mock__r1,medium_product_2009-W50,S3,mock,3,"- BLACK RECORD COVER FRAME posted the largest WoW gain, up 185.5% to £1,144.96 TW","£1,144.96",Supported_cell,"cell(BLACK RECORD COVER FRAME, Revenue_TW)=1144.96",
claim,medium_product_2011-W42__S1__mock__r2,medium_product_2011-W42,S1,mock,6,,TOTAL | revenue | TW | £64.7k,Wrong_value,TOTAL.Revenue_TW=58323.3,
claim,small_country_2010-W18__S1__mock__r1,small_country_2010-W18,S1,mock,3,,"Netherlands | revenue | TW | £18,002.00",Correct,Netherlands.Revenue_TW=18002,
number,medium_product_2009-W50__S3__mock__r2,medium_product_2009-W50,S3,mock,6,- WHITE HANGING HEART T-LIGHT HOLDER had the most orders with 119 orders TW versus 93 LW,119,Unsupported,,
claim,small_country_2010-W18__S1__mock__r1,small_country_2010-W18,S1,mock,5,,United Kingdom | orders | TW | 7,Wrong_entity,value belongs to EIRE.Orders_TW=7; claimed United Kingdom,
number,small_product_2010-W50__S4__mock__r2,small_product_2010-W50,S4,mock,5,"- PAPER CHAIN KIT 50'S CHRISTMAS (largest WoW decrease): revenue change -46.9% WoW, revenue £2,149.75 TW versus £4,048.91 LW","£2,149.75",Supported_cell,"cell(PAPER CHAIN KIT 50'S CHRISTMAS, Revenue_TW)=2149.75",
claim,large_product_2010-W04__S4__mock__r1,large_product_2010-W04,S4,mock,0,,TOTAL | revenue | WoW | +49.2%,Wrong_value,TOTAL.Revenue_WoW_Pct=46.0134,
claim,medium_product_2009-W50__S4__mock__r2,medium_product_2009-W50,S4,mock,2,,EDWARDIAN PARASOL BLACK | revenue | WoW | -12.2%,Correct,EDWARDIAN PARASOL BLACK.Revenue_WoW_Pct=-12.2,
claim,small_product_2010-W50__S4__mock__r2,small_product_2010-W50,S4,mock,5,,"PAPER CHAIN KIT 50'S CHRISTMAS | revenue | LW | £4,048.91",Correct,PAPER CHAIN KIT 50'S CHRISTMAS.Revenue_LW=4048.91,
claim,medium_product_2009-W50__S1__mock__r1,medium_product_2009-W50,S1,mock,1,,"WHITE HANGING HEART T-LIGHT HOLDER | revenue | LW | £5,485.83",Wrong_value,WHITE HANGING HEART T-LIGHT HOLDER.Revenue_LW=4942.19,
number,medium_product_2011-W42__S2__mock__r2,medium_product_2011-W42,S2,mock,1,- Total revenue was up 150.8% WoW,150.8%,Supported_derived,"pct_change(sum(Revenue_TW), sum(Revenue_LW))=150.802",
claim,medium_product_2011-W42__S2__mock__r1,medium_product_2011-W42,S2,mock,4,,"LANDMARK FRAME OXFORD STREET | revenue | TW | £3,753.90",Correct,LANDMARK FRAME OXFORD STREET.Revenue_TW=3753.9,
number,large_product_2011-W42__S3__mock__r1,large_product_2011-W42,S3,mock,6,"- Total revenue across the products shown was £112.6k TW, up 93.7% WoW",£112.6k,Supported_derived,sum(Revenue_TW)=112644,
number,large_product_2010-W04__S1__mock__r1,large_product_2010-W04,S1,mock,7,"- Total revenue across the products shown was £61.8k TW, up 46.0% WoW",£61.8k,Supported_derived,sum(Revenue_TW)=61756.5,
number,medium_product_2009-W50__S2__mock__r2,medium_product_2009-W50,S2,mock,1,- Total revenue was up 11.8% WoW,11.8%,Supported_derived,"pct_change(sum(Revenue_TW), sum(Revenue_LW))=11.7601",
number,medium_product_2011-W42__S4__mock__r2,medium_product_2011-W42,S4,mock,7,"- CHRISTMAS LIGHTS 10 VINTAGE BAUBLES (largest YoY decrease): revenue change -54.3% YoY, revenue £1,960.94 LY",-54.3%,Supported_cell,"cell(CHRISTMAS LIGHTS 10 VINTAGE BAUBLES, YoY_Pct)=-54.3",
number,medium_product_2009-W50__S1__mock__r2,medium_product_2009-W50,S1,mock,2,"- EDWARDIAN PARASOL BLACK ranked 2nd with £3,448.60 TW","£3,448.60",Supported_cell,"cell(EDWARDIAN PARASOL BLACK, Revenue_TW)=3448.6",
number,medium_product_2009-W50__S1__mock__r1,medium_product_2009-W50,S1,mock,7,"- Total revenue across the products shown was £61.8k TW, up 11.8% WoW",£61.8k,Supported_derived,sum(Revenue_TW)=61834.6,
number,small_product_2010-W50__S4__mock__r2,small_product_2010-W50,S4,mock,0,"- Total: revenue £27,724.70 TW, revenue £30,272.96 LW, revenue change -8.4% WoW, revenue change +89.1% YoY","£30,272.96",Supported_derived,sum(Revenue_LW)=30273,
claim,medium_product_2011-W42__S1__mock__r2,medium_product_2011-W42,S1,mock,4,,LANDMARK FRAME COVENT GARDEN | units | LW | 0,Correct,LANDMARK FRAME COVENT GARDEN.Units_LW=0,
claim,large_product_2010-W04__S4__mock__r2,large_product_2010-W04,S4,mock,1,,"WHITE HANGING HEART T-LIGHT HOLDER | revenue | TW | £3,740.98",Correct,WHITE HANGING HEART T-LIGHT HOLDER.Revenue_TW=3740.98,
number,small_product_2010-W50__S4__mock__r1,small_product_2010-W50,S4,mock,3,"- CHILLI LIGHTS: rank 3, revenue £2,494.07 TW, share 9.0% TW, revenue change +26.4% WoW",9.0%,Supported_cell,"cell(CHILLI LIGHTS, Share_Pct)=9",
claim,medium_product_2009-W50__S3__mock__r1,medium_product_2009-W50,S3,mock,4,,PAPER CHAIN KIT 50'S CHRISTMAS | revenue | WoW | 61.8%,Correct,PAPER CHAIN KIT 50'S CHRISTMAS.Revenue_WoW_Pct=-61.8,
claim,small_country_2010-W18__S3__mock__r2,small_country_2010-W18,S3,mock,2,,"Netherlands | revenue | TW | £9,014.91",Wrong_entity,value belongs to France.Revenue_TW=9014.91; claimed Netherlands,
claim,small_product_2010-W50__S3__mock__r1,small_product_2010-W50,S3,mock,4,,PAPER CHAIN KIT 50'S CHRISTMAS | revenue | WoW | 46.9%,Correct,PAPER CHAIN KIT 50'S CHRISTMAS.Revenue_WoW_Pct=-46.9,
claim,medium_product_2011-W42__S4__mock__r1,medium_product_2011-W42,S4,mock,7,,CHRISTMAS LIGHTS 10 VINTAGE BAUBLES | revenue | YoY | -54.3%,Correct,CHRISTMAS LIGHTS 10 VINTAGE BAUBLES.Revenue_YoY_Pct=-54.3,
number,small_product_2010-W50__S2__mock__r1,small_product_2010-W50,S2,mock,3,- REGENCY CAKESTAND 3 TIER held a 21.4% share of revenue TW,21.4%,Supported_cell,"cell(REGENCY CAKESTAND 3 TIER, Share_Pct)=21.4",
number,medium_product_2011-W42__S2__mock__r1,medium_product_2011-W42,S2,mock,0,"- Total revenue was £58,323.33 TW","£58,323.33",Supported_derived,sum(Revenue_TW)=58323.3,
claim,medium_product_2011-W42__S3__mock__r2,medium_product_2011-W42,S3,mock,5,,HOT WATER BOTTLE KEEP CALM | orders | TW | 50,Correct,HOT WATER BOTTLE KEEP CALM.Orders_TW=50,
claim,medium_product_2011-W42__S4__mock__r1,medium_product_2011-W42,S4,mock,6,,RED  HARMONICA IN BOX | revenue | LY | £3.75,Correct,RED  HARMONICA IN BOX.Revenue_LY=3.75,
claim,large_product_2011-W42__S3__mock__r2,large_product_2011-W42,S3,mock,0,,LANDMARK FRAME COVENT GARDEN | revenue | TW | £3.8k,Correct,LANDMARK FRAME COVENT GARDEN.Revenue_TW=3766.4,
number,small_product_2010-W50__S3__mock__r1,small_product_2010-W50,S3,mock,4,"- PAPER CHAIN KIT 50'S CHRISTMAS revenue fell 46.9% WoW to £2,149.75 TW","£2,149.75",Supported_cell,"cell(PAPER CHAIN KIT 50'S CHRISTMAS, Revenue_TW)=2149.75",
number,large_product_2010-W04__S3__mock__r2,large_product_2010-W04,S3,mock,7,"- Total revenue across the products shown was £61.8k TW, up 46.0% WoW",46.0%,Supported_derived,"pct_change(sum(Revenue_TW), sum(Revenue_LW))=46.0134",
number,large_product_2010-W04__S1__mock__r1,large_product_2010-W04,S1,mock,7,"- Total revenue across the products shown was £61.8k TW, up 46.0% WoW",46.0%,Supported_derived,"pct_change(sum(Revenue_TW), sum(Revenue_LW))=46.0134",
claim,small_product_2010-W50__S3__mock__r1,small_product_2010-W50,S3,mock,6,,WHITE HANGING HEART T-LIGHT HOLDER | orders | TW | 68,Correct,WHITE HANGING HEART T-LIGHT HOLDER.Orders_TW=68,
number,medium_product_2011-W42__S1__mock__r2,medium_product_2011-W42,S1,mock,6,"- Total revenue across the products shown was £64.7k TW, up 150.8% WoW",150.8%,Supported_derived,"pct_change(sum(Revenue_TW), sum(Revenue_LW))=150.802",
number,large_product_2010-W04__S1__mock__r1,large_product_2010-W04,S1,mock,1,"- WHITE HANGING HEART T-LIGHT HOLDER revenue was down 1.4% WoW from £3,792.77 LW",1.4%,Supported_cell,"cell(WHITE HANGING HEART T-LIGHT HOLDER, WoW_Pct)=-1.4",
claim,small_product_2010-W50__S4__mock__r1,small_product_2010-W50,S4,mock,3,,CHILLI LIGHTS | rank | TW | 3,Correct,CHILLI LIGHTS.Rank=3,
claim,large_product_2011-W42__S4__mock__r2,large_product_2011-W42,S4,mock,3,,LANDMARK FRAME NOTTING HILL | share | TW | 3.2%,Correct,LANDMARK FRAME NOTTING HILL.Share_Pct=3.2,
number,small_country_2010-W18__S3__mock__r1,small_country_2010-W18,S3,mock,2,"- Netherlands ranked 2nd with £18,002.00 TW","£18,002.00",Supported_cell,"cell(Netherlands, Revenue_TW)=18002",
claim,large_product_2011-W42__S2__mock__r2,large_product_2011-W42,S2,mock,7,,LANDMARK FRAME NOTTING HILL | share | TW | 3.2%,Correct,LANDMARK FRAME NOTTING HILL.Share_Pct=3.2,
claim,small_product_2010-W50__S4__mock__r2,small_product_2010-W50,S4,mock,6,,ROTATING SILVER ANGELS T-LIGHT HLDR | revenue | LY | £191.29,Correct,ROTATING SILVER ANGELS T-LIGHT HLDR.Revenue_LY=191.29,
number,medium_product_2009-W50__S4__mock__r2,medium_product_2009-W50,S4,mock,0,"- Total: revenue £61,834.59 TW, revenue £55,327.99 LW, revenue change +11.8% WoW","£55,327.99",Supported_derived,sum(Revenue_LW)=55328,
claim,medium_product_2009-W50__S2__mock__r2,medium_product_2009-W50,S2,mock,1,,TOTAL | revenue | WoW | 11.8%,Correct,TOTAL.Revenue_WoW_Pct=11.7601,
number,small_product_2010-W50__S1__mock__r2,small_product_2010-W50,S1,mock,1,"- REGENCY CAKESTAND 3 TIER revenue was down 45.7% WoW from £10,902.59 LW","£10,902.59",Supported_cell,"cell(REGENCY CAKESTAND 3 TIER, Revenue_LW)=10902.6",
number,small_country_2010-W18__S3__mock__r2,small_country_2010-W18,S3,mock,0,"- United Kingdom led revenue with £117.3k TW, a 70.7% share of the 6 countries shown",70.7%,Unsupported,,
number,medium_product_2009-W50__S1__mock__r2,medium_product_2009-W50,S1,mock,4,"- PAPER CHAIN KIT 50'S CHRISTMAS revenue fell 61.8% WoW to £2,143.03 TW",61.8%,Supported_cell,"cell(PAPER CHAIN KIT 50'S CHRISTMAS, WoW_Pct)=-61.8",
claim,large_product_2010-W04__S1__mock__r2,large_product_2010-W04,S1,mock,5,,"WHITE HANGING HEART T-LIGHT HOLDER | units | TW | 1,534",Wrong_value,WHITE HANGING HEART T-LIGHT HOLDER.Units_TW=1382,
claim,medium_product_2009-W50__S2__mock__r2,medium_product_2009-W50,S2,mock,5,,"EDWARDIAN PARASOL BLACK | revenue | TW | £3,655.52",Wrong_value,EDWARDIAN PARASOL BLACK.Revenue_TW=3448.6,
claim,large_product_2010-W04__S1__mock__r2,large_product_2010-W04,S1,mock,4,,KENSINGTON COFFEE SET | revenue | TW | £417.21,Wrong_entity,value belongs to CHOCOLATE HOT WATER BOTTLE.Revenue_TW=417.21; claimed KENSINGTON COFFEE SET,
claim,medium_product_2009-W50__S4__mock__r1,medium_product_2009-W50,S4,mock,0,,"TOTAL | revenue | LW | £55,327.99",Correct,TOTAL.Revenue_LW=55328,
number,large_product_2010-W04__S1__mock__r2,large_product_2010-W04,S1,mock,5,"- WHITE HANGING HEART T-LIGHT HOLDER sold 1,534 units TW versus 1,557 units LW","1,534",Unsupported,,
number,medium_product_2009-W50__S4__mock__r1,medium_product_2009-W50,S4,mock,0,"- Total: revenue £61,834.59 TW, revenue £55,327.99 LW, revenue change +11.8% WoW",+11.8%,Supported_derived,"pct_change(sum(Revenue_TW), sum(Revenue_LW))=11.7601",
claim,medium_product_2011-W42__S3__mock__r1,medium_product_2011-W42,S3,mock,5,,HOT WATER BOTTLE KEEP CALM | orders | TW | 7,Wrong_entity,value belongs to LANDMARK FRAME BAKER STREET.Orders_TW=7; claimed HOT WATER BOTTLE KEEP CALM,
number,large_product_2010-W04__S4__mock__r2,large_product_2010-W04,S4,mock,5,"- KENSINGTON COFFEE SET (largest WoW decrease): revenue change -78.9% WoW, revenue £1,632.90 TW versus £7,750.05 LW","£7,750.05",Supported_cell,"cell(KENSINGTON COFFEE SET, Revenue_LW)=7750.05",
number,large_product_2010-W04__S1__mock__r1,large_product_2010-W04,S1,mock,6,- WHITE HANGING HEART T-LIGHT HOLDER had the most orders with 79 orders TW versus 66 LW,66,Supported_cell,"cell(WHITE HANGING HEART T-LIGHT HOLDER, Orders_LW)=66",
claim,large_product_2010-W04__S3__mock__r2,large_product_2010-W04,S3,mock,4,,KENSINGTON COFFEE SET | revenue | WoW | 78.9%,Correct,KENSINGTON COFFEE SET.Revenue_WoW_Pct=-78.9,
number,large_product_2010-W04__S2__mock__r2,large_product_2010-W04,S2,mock,5,"- RED HANGING HEART T-LIGHT HOLDER revenue was £1,807.91 TW","£1,807.91",Supported_cell,"cell(RED HANGING HEART T-LIGHT HOLDER, Revenue_TW)=1807.91",
number,small_country_2010-W18__S3__mock__r2,small_country_2010-W18,S3,mock,6,"- Total revenue across the countries shown was £157.7k TW, down 11.9% WoW",11.9%,Supported_derived,"pct_change(sum(Revenue_TW), sum(Revenue_LW))=-11.9024",
number,small_product_2010-W50__S4__mock__r2,small_product_2010-W50,S4,mock,1,"- REGENCY CAKESTAND 3 TIER: rank 1, revenue £5,919.72 TW, share 21.4% TW, revenue change -45.7% WoW","£5,919.72",Supported_cell,"cell(REGENCY CAKESTAND 3 TIER, Revenue_TW)=5919.72",
claim,medium_product_2011-W42__S4__mock__r1,medium_product_2011-W42,S4,mock,0,,"TOTAL | revenue | LW | £23,254.70",Correct,TOTAL.Revenue_LW=23254.7,
number,small_product_2010-W50__S1__mock__r2,small_product_2010-W50,S1,mock,0,"- REGENCY CAKESTAND 3 TIER led revenue with £5.4k TW, a 21.4% share of the 10 products shown",21.4%,Supported_cell,"cell(REGENCY CAKESTAND 3 TIER, Share_Pct)=21.4",
claim,medium_product_2009-W50__S3__mock__r1,medium_product_2009-W50,S3,mock,3,,"BLACK RECORD COVER FRAME | revenue | TW | £1,144.96",Correct,BLACK RECORD COVER FRAME.Revenue_TW=1144.96,
claim,large_product_2011-W42__S3__mock__r2,large_product_2011-W42,S3,mock,4,,LANDMARK FRAME COVENT GARDEN | units | TW | 340,Correct,LANDMARK FRAME COVENT GARDEN.Units_TW=340,
number,medium_product_2011-W42__S4__mock__r1,medium_product_2011-W42,S4,mock,0,"- Total: revenue £58,323.33 TW, revenue £23,254.70 LW, revenue change +150.8% WoW, revenue change +180.6% YoY",+150.8%,Supported_derived,"pct_change(sum(Revenue_TW), sum(Revenue_LW))=150.802",
number,medium_product_2009-W50__S1__mock__r1,medium_product_2009-W50,S1,mock,2,"- EDWARDIAN PARASOL BLACK ranked 2nd with £3,448.60 TW",2nd,Supported_cell,"cell(EDWARDIAN PARASOL BLACK, Rank)=2",
number,small_product_2010-W50__S4__mock__r1,small_product_2010-W50,S4,mock,2,"- WHITE HANGING HEART T-LIGHT HOLDER: rank 2, revenue £4,251.25 TW, share 15.3% TW, revenue change +20.1% WoW",15.3%,Supported_cell,"cell(WHITE HANGING HEART T-LIGHT HOLDER, Share_Pct)=15.3",
number,medium_product_2009-W50__S3__mock__r2,medium_product_2009-W50,S3,mock,7,"- Total revenue across the products shown was £61.8k TW, up 11.8% WoW",£61.8k,Supported_derived,sum(Revenue_TW)=61834.6,
number,small_country_2010-W18__S2__mock__r1,small_country_2010-W18,S2,mock,6,- Netherlands held a 10.5% share of revenue TW,10.5%,Unsupported,,
claim,small_product_2010-W50__S3__mock__r1,small_product_2010-W50,S3,mock,6,,WHITE HANGING HEART T-LIGHT HOLDER | orders | LW | 86,Correct,WHITE HANGING HEART T-LIGHT HOLDER.Orders_LW=86,
claim,small_product_2010-W50__S4__mock__r1,small_product_2010-W50,S4,mock,4,,GROW A FLYTRAP OR SUNFLOWER IN TIN | revenue | LW | £30.00,Correct,GROW A FLYTRAP OR SUNFLOWER IN TIN.Revenue_LW=30,
claim,small_country_2010-W18__S4__mock__r2,small_country_2010-W18,S4,mock,4,,Netherlands | revenue | WoW | +1414.9%,Correct,Netherlands.Revenue_WoW_Pct=1414.9,
claim,small_product_2010-W50__S1__mock__r2,small_product_2010-W50,S1,mock,6,,WHITE HANGING HEART T-LIGHT HOLDER | orders | LW | 86,Correct,WHITE HANGING HEART T-LIGHT HOLDER.Orders_LW=86,
claim,large_product_2010-W04__S3__mock__r2,large_product_2010-W04,S3,mock,4,,KENSINGTON COFFEE SET | revenue | TW | £417.21,Wrong_entity,value belongs to CHOCOLATE HOT WATER BOTTLE.Revenue_TW=417.21; claimed KENSINGTON COFFEE SET,
number,medium_product_2009-W50__S3__mock__r1,medium_product_2009-W50,S3,mock,3,"- BLACK RECORD COVER FRAME posted the largest WoW gain, up 185.5% to £1,144.96 TW",185.5%,Supported_cell,"cell(BLACK RECORD COVER FRAME, WoW_Pct)=185.5",
claim,medium_product_2009-W50__S4__mock__r1,medium_product_2009-W50,S4,mock,3,,FAIRY CAKE CANDLES | revenue | WoW | +121.8%,Correct,FAIRY CAKE CANDLES.Revenue_WoW_Pct=121.8,
number,small_country_2010-W18__S3__mock__r2,small_country_2010-W18,S3,mock,1,"- United Kingdom revenue was down 30.4% WoW from £168,403.05 LW","£168,403.05",Supported_cell,"cell(United Kingdom, Revenue_LW)=168403",
claim,small_product_2010-W50__S3__mock__r1,small_product_2010-W50,S3,mock,7,,TOTAL | revenue | TW | £27.7k,Correct,TOTAL.Revenue_TW=27724.7,
number,small_product_2010-W50__S4__mock__r1,small_product_2010-W50,S4,mock,1,"- REGENCY CAKESTAND 3 TIER: rank 1, revenue £5,919.72 TW, share 21.4% TW, revenue change -45.7% WoW",1,Supported_cell,"cell(REGENCY CAKESTAND 3 TIER, Rank)=1",
number,large_product_2011-W42__S4__mock__r2,large_product_2011-W42,S4,mock,0,"- Total: revenue £112,643.90 TW, revenue £58,152.40 LW, revenue change +93.7% WoW, revenue change +137.2% YoY","£112,643.90",Supported_derived,sum(Revenue_TW)=112644,
claim,large_product_2010-W04__S1__mock__r2,large_product_2010-W04,S1,mock,7,,TOTAL | revenue | TW | £68.5k,Wrong_value,TOTAL.Revenue_TW=61756.5,
number,small_product_2010-W50__S3__mock__r2,small_product_2010-W50,S3,mock,3,"- GROW A FLYTRAP OR SUNFLOWER IN TIN posted the largest WoW gain, up 8063.4% to £2,449.01 TW",8063.4%,Supported_cell,"cell(GROW A FLYTRAP OR SUNFLOWER IN TIN, WoW_Pct)=8063.4",
number,large_product_2011-W42__S2__mock__r2,large_product_2011-W42,S2,mock,0,"- Total revenue was £112,643.90 TW","£112,643.90",Supported_derived,sum(Revenue_TW)=112644,
number,small_product_2010-W50__S4__mock__r1,small_product_2010-W50,S4,mock,3,"- CHILLI LIGHTS: rank 3, revenue £2,494.07 TW, share 9.0% TW, revenue change +26.4% WoW",+26.4%,Supported_cell,"cell(CHILLI LIGHTS, WoW_Pct)=26.4",
number,small_product_2010-W50__S3__mock__r1,small_product_2010-W50,S3,mock,5,- REGENCY CAKESTAND 3 TIER sold 442 units TW versus 851 units LW,851,Supported_cell,"cell(REGENCY CAKESTAND 3 TIER, Units_LW)=851",
number,small_country_2010-W18__S4__mock__r1,small_country_2010-W18,S4,mock,0,"- Total: revenue £157,731.41 TW, revenue £179,041.64 LW, revenue change -11.9% WoW",-11.9%,Supported_derived,"pct_change(sum(Revenue_TW), sum(Revenue_LW))=-11.9024",
claim,medium_product_2011-W42__S4__mock__r2,medium_product_2011-W42,S4,mock,5,,"DOORMAT KEEP CALM AND COME IN | revenue | LW | £2,068.84",Correct,DOORMAT KEEP CALM AND COME IN.Revenue_LW=2068.84,
number,medium_product_2009-W50__S3__mock__r2,medium_product_2009-W50,S3,mock,5,"- WHITE HANGING HEART T-LIGHT HOLDER sold 3,172 units TW versus 1,851 units LW","1,851",Supported_cell,"cell(WHITE HANGING HEART T-LIGHT HOLDER, Units_LW)=1851",
claim,small_country_2010-W18__S1__mock__r2,small_country_2010-W18,S1,mock,0,,United Kingdom | share | TW | 70.7%,Wrong_value,United Kingdom.Share_Pct=74.4,
number,small_country_2010-W18__S2__mock__r2,small_country_2010-W18,S2,mock,0,"- Total revenue was £157,731.41 TW","£157,731.41",Supported_derived,sum(Revenue_TW)=157731,
number,small_country_2010-W18__S1__mock__r2,small_country_2010-W18,S1,mock,6,"- Total revenue across the countries shown was £157.7k TW, down 11.9% WoW",11.9%,Supported_derived,"pct_change(sum(Revenue_TW), sum(Revenue_LW))=-11.9024",
number,small_product_2010-W50__S1__mock__r1,small_product_2010-W50,S1,mock,0,"- REGENCY CAKESTAND 3 TIER led revenue with £5.9k TW, a 23.8% share of the 10 products shown",23.8%,Unsupported,,
number,medium_product_2011-W42__S4__mock__r2,medium_product_2011-W42,S4,mock,0,"- Total: revenue £58,323.33 TW, revenue £23,254.70 LW, revenue change +150.8% WoW, revenue change +180.6% YoY",+180.6%,Supported_derived,"pct_change(sum(Revenue_TW), sum(Revenue_LY))=180.579",
number,medium_product_2011-W42__S4__mock__r2,medium_product_2011-W42,S4,mock,5,"- DOORMAT KEEP CALM AND COME IN (largest WoW decrease): revenue change -34.4% WoW, revenue £1,356.79 TW versus £2,068.84 LW","£1,356.79",Supported_cell,"cell(DOORMAT KEEP CALM AND COME IN, Revenue_TW)=1356.79",
number,large_product_2010-W04__S3__mock__r1,large_product_2010-W04,S3,mock,1,"- WHITE HANGING HEART T-LIGHT HOLDER revenue was down 1.4% WoW from £3,792.77 LW","£3,792.77",Supported_cell,"cell(WHITE HANGING HEART T-LIGHT HOLDER, Revenue_LW)=3792.77",
number,large_product_2010-W04__S2__mock__r1,large_product_2010-W04,S2,mock,1,- Total revenue was up 46.0% WoW,46.0%,Supported_derived,"pct_change(sum(Revenue_TW), sum(Revenue_LW))=46.0134",
number,medium_product_2011-W42__S4__mock__r1,medium_product_2011-W42,S4,mock,4,"- GINGHAM HEART DECORATION (largest WoW increase): revenue change +2054.1% WoW, revenue £1,565.58 TW versus £72.68 LW",£72.68,Supported_cell,"cell(GINGHAM HEART DECORATION, Revenue_LW)=72.68",
claim,large_product_2011-W42__S3__mock__r1,large_product_2011-W42,S3,mock,5,,HOT WATER BOTTLE KEEP CALM | orders | TW | 50,Correct,HOT WATER BOTTLE KEEP CALM.Orders_TW=50,
claim,large_product_2011-W42__S1__mock__r2,large_product_2011-W42,S1,mock,2,,CERAMIC CAKE STAND + HANGING CAKES | revenue | WoW | 228.9%,Wrong_entity,value belongs to SMALL IVORY HEART WALL ORGANISER.Revenue_WoW_Pct=228.9; claimed CERAMIC CAKE STAND + HANGING CAKES,
claim,large_product_2011-W42__S4__mock__r1,large_product_2011-W42,S4,mock,3,,LANDMARK FRAME NOTTING HILL | share | TW | 3.2%,Correct,LANDMARK FRAME NOTTING HILL.Share_Pct=3.2,
number,large_product_2011-W42__S4__mock__r2,large_product_2011-W42,S4,mock,1,"- LANDMARK FRAME COVENT GARDEN: rank 1, revenue £3,766.40 TW, share 3.3% TW","£3,766.40",Supported_cell,"cell(LANDMARK FRAME COVENT GARDEN, Revenue_TW)=3766.4",
number,small_product_2010-W50__S4__mock__r1,small_product_2010-W50,S4,mock,1,"- REGENCY CAKESTAND 3 TIER: rank 1, revenue £5,919.72 TW, share 21.4% TW, revenue change -45.7% WoW","£5,919.72",Supported_cell,"cell(REGENCY CAKESTAND 3 TIER, Revenue_TW)=5919.72",
number,medium_product_2011-W42__S4__mock__r1,medium_product_2011-W42,S4,mock,0,"- Total: revenue £58,323.33 TW, revenue £23,254.70 LW, revenue change +150.8% WoW, revenue change +180.6% YoY","£58,323.33",Supported_derived,sum(Revenue_TW)=58323.3,
claim,large_product_2010-W04__S2__mock__r2,large_product_2010-W04,S2,mock,1,,TOTAL | revenue | WoW | 46.0%,Correct,TOTAL.Revenue_WoW_Pct=46.0134,
number,small_product_2010-W50__S3__mock__r2,small_product_2010-W50,S3,mock,0,"- REGENCY CAKESTAND 3 TIER led revenue with £5.9k TW, a 21.4% share of the 10 products shown",21.4%,Supported_cell,"cell(REGENCY CAKESTAND 3 TIER, Share_Pct)=21.4",
claim,medium_product_2009-W50__S2__mock__r1,medium_product_2009-W50,S2,mock,4,,WHITE HANGING HEART T-LIGHT HOLDER | revenue | WoW | 70.1%,Correct,WHITE HANGING HEART T-LIGHT HOLDER.Revenue_WoW_Pct=70.1,
claim,medium_product_2009-W50__S4__mock__r1,medium_product_2009-W50,S4,mock,1,,"WHITE HANGING HEART T-LIGHT HOLDER | revenue | TW | £8,406.79",Correct,WHITE HANGING HEART T-LIGHT HOLDER.Revenue_TW=8406.79,
claim,large_product_2011-W42__S4__mock__r1,large_product_2011-W42,S4,mock,4,,CERAMIC CAKE STAND + HANGING CAKES | revenue | TW | £495.90,Correct,CERAMIC CAKE STAND + HANGING CAKES.Revenue_TW=495.9,
claim,large_product_2010-W04__S3__mock__r1,large_product_2010-W04,S3,mock,2,,"RED HANGING HEART T-LIGHT HOLDER | revenue | TW | £1,807.91",Correct,RED HANGING HEART T-LIGHT HOLDER.Revenue_TW=1807.91,
claim,large_product_2011-W42__S3__mock__r1,large_product_2011-W42,S3,mock,3,,WHITE HANGING HEART T-LIGHT HOLDER | revenue | TW | £689.94,Correct,WHITE HANGING HEART T-LIGHT HOLDER.Revenue_TW=689.94,
claim,medium_product_2011-W42__S4__mock__r1,medium_product_2011-W42,S4,mock,3,,"LANDMARK FRAME NOTTING HILL | revenue | TW | £3,660.00",Correct,LANDMARK FRAME NOTTING HILL.Revenue_TW=3660,
number,large_product_2011-W42__S4__mock__r1,large_product_2011-W42,S4,mock,1,"- LANDMARK FRAME COVENT GARDEN: rank 1, revenue £3,766.40 TW, share 3.3% TW",1,Supported_cell,"cell(LANDMARK FRAME COVENT GARDEN, Rank)=1",
claim,large_product_2011-W42__S1__mock__r1,large_product_2011-W42,S1,mock,2,,CERAMIC CAKE STAND + HANGING CAKES | revenue | WoW | 2392.0%,Correct,CERAMIC CAKE STAND + HANGING CAKES.Revenue_WoW_Pct=2392,
claim,medium_product_2009-W50__S3__mock__r2,medium_product_2009-W50,S3,mock,6,,WHITE HANGING HEART T-LIGHT HOLDER | orders | LW | 93,Correct,WHITE HANGING HEART T-LIGHT HOLDER.Orders_LW=93,
claim,small_product_2010-W50__S1__mock__r1,small_product_2010-W50,S1,mock,5,,REGENCY CAKESTAND 3 TIER | units | LW | 851,Correct,REGENCY CAKESTAND 3 TIER.Units_LW=851,
claim,medium_product_2009-W50__S3__mock__r1,medium_product_2009-W50,S3,mock,5,,"WHITE HANGING HEART T-LIGHT HOLDER | units | LW | 1,851",Correct,WHITE HANGING HEART T-LIGHT HOLDER.Units_LW=1851,
number,medium_product_2009-W50__S4__mock__r2,medium_product_2009-W50,S4,mock,4,"- BLACK RECORD COVER FRAME (largest WoW increase): revenue change +185.5% WoW, revenue £1,144.96 TW versus £401.00 LW","£1,144.96",Supported_cell,"cell(BLACK RECORD COVER FRAME, Revenue_TW)=1144.96",
number,small_product_2010-W50__S1__mock__r2,small_product_2010-W50,S1,mock,3,"- GROW A FLYTRAP OR SUNFLOWER IN TIN posted the largest WoW gain, up 8547.2% to £2,449.01 TW",8547.2%,Unsupported,,
number,medium_product_2011-W42__S1__mock__r1,medium_product_2011-W42,S1,mock,2,"- GINGHAM HEART DECORATION posted the largest WoW gain, up 2054.1% to £1,565.58 TW","£1,565.58",Supported_cell,"cell(GINGHAM HEART DECORATION, Revenue_TW)=1565.58",
claim,medium_product_2011-W42__S2__mock__r1,medium_product_2011-W42,S2,mock,6,,"LANDMARK FRAME NOTTING HILL | revenue | TW | £3,660.00",Correct,LANDMARK FRAME NOTTING HILL.Revenue_TW=3660,
number,large_product_2010-W04__S4__mock__r2,large_product_2010-W04,S4,mock,3,"- SET/3 RUSSIAN DOLL STACKING TINS: rank 3, revenue £1,718.73 TW, share 2.8% TW, revenue change +975.9% WoW",2.8%,Supported_cell,"cell(SET/3 RUSSIAN DOLL STACKING TINS, Share_Pct)=2.8",
claim,medium_product_2011-W42__S1__mock__r2,medium_product_2011-W42,S1,mock,0,,LANDMARK FRAME COVENT GARDEN | revenue | TW | £3.6k,Wrong_entity,value belongs to LANDMARK FRAME LONDON BRIDGE.Revenue_TW=3603.9; claimed LANDMARK FRAME COVENT GARDEN,
number,medium_product_2011-W42__S3__mock__r2,medium_product_2011-W42,S3,mock,6,"- Total revenue across the products shown was £58.3k TW, up 150.8% WoW",£58.3k,Supported_derived,sum(Revenue_TW)=58323.3,
number,large_product_2010-W04__S4__mock__r1,large_product_2010-W04,S4,mock,1,"- WHITE HANGING HEART T-LIGHT HOLDER: rank 1, revenue £3,740.98 TW, share 6.1% TW, revenue change -1.4% WoW","£3,740.98",Supported_cell,"cell(WHITE HANGING HEART T-LIGHT HOLDER, Revenue_TW)=3740.98",
claim,medium_product_2009-W50__S2__mock__r1,medium_product_2009-W50,S2,mock,5,,"EDWARDIAN PARASOL BLACK | revenue | TW | £3,448.60",Correct,EDWARDIAN PARASOL BLACK.Revenue_TW=3448.6,
claim,small_product_2010-W50__S4__mock__r2,small_product_2010-W50,S4,mock,1,,"REGENCY CAKESTAND 3 TIER | revenue | TW | £5,919.72",Correct,REGENCY CAKESTAND 3 TIER.Revenue_TW=5919.72,
number,large_product_2011-W42__S3__mock__r2,large_product_2011-W42,S3,mock,3,- WHITE HANGING HEART T-LIGHT HOLDER revenue fell 58.5% WoW to £689.94 TW,58.5%,Unsupported,,
claim,small_country_2010-W18__S1__mock__r1,small_country_2010-W18,S1,mock,2,,"Netherlands | revenue | TW | £18,002.00",Correct,Netherlands.Revenue_TW=18002,
claim,medium_product_2009-W50__S3__mock__r1,medium_product_2009-W50,S3,mock,1,,"WHITE HANGING HEART T-LIGHT HOLDER | revenue | LW | £4,942.19",Correct,WHITE HANGING HEART T-LIGHT HOLDER.Revenue_LW=4942.19,
claim,large_product_2010-W04__S2__mock__r1,large_product_2010-W04,S2,mock,2,,"WHITE HANGING HEART T-LIGHT HOLDER | revenue | TW | £3,740.98",Correct,WHITE HANGING HEART T-LIGHT HOLDER.Revenue_TW=3740.98,
claim,large_product_2011-W42__S3__mock__r2,large_product_2011-W42,S3,mock,2,,CERAMIC CAKE STAND + HANGING CAKES | revenue | WoW | 228.9%,Wrong_entity,value belongs to SMALL IVORY HEART WALL ORGANISER.Revenue_WoW_Pct=228.9; claimed CERAMIC CAKE STAND + HANGING CAKES,
claim,large_product_2010-W04__S4__mock__r1,large_product_2010-W04,S4,mock,5,,KENSINGTON COFFEE SET | revenue | WoW | -78.9%,Correct,KENSINGTON COFFEE SET.Revenue_WoW_Pct=-78.9,
number,large_product_2010-W04__S4__mock__r1,large_product_2010-W04,S4,mock,6,- WHITE HANGING HEART T-LIGHT HOLDER (most orders): orders 79 TW versus 66 LW,79,Supported_cell,"cell(WHITE HANGING HEART T-LIGHT HOLDER, Orders_TW)=79",
claim,large_product_2010-W04__S2__mock__r1,large_product_2010-W04,S2,mock,4,,WHITE HANGING HEART T-LIGHT HOLDER | revenue | WoW | 1.4%,Correct,WHITE HANGING HEART T-LIGHT HOLDER.Revenue_WoW_Pct=-1.4,
number,small_product_2010-W50__S4__mock__r1,small_product_2010-W50,S4,mock,0,"- Total: revenue £27,724.70 TW, revenue £30,272.96 LW, revenue change -8.4% WoW, revenue change +89.1% YoY",-8.4%,Supported_derived,"pct_change(sum(Revenue_TW), sum(Revenue_LW))=-8.41761",
number,small_country_2010-W18__S3__mock__r1,small_country_2010-W18,S3,mock,3,"- Netherlands posted the largest WoW gain, up 1414.9% to £18,002.00 TW",1414.9%,Supported_cell,"cell(Netherlands, WoW_Pct)=1414.9",
number,large_product_2010-W04__S1__mock__r1,large_product_2010-W04,S1,mock,3,"- CHERRY DESIGN PAPERLANTERNS posted the largest WoW gain, up 16649.8% to £635.70 TW",£635.70,Supported_cell,"cell(CHERRY DESIGN PAPERLANTERNS, Revenue_TW)=635.7",
number,small_country_2010-W18__S3__mock__r1,small_country_2010-W18,S3,mock,4,"- United Kingdom sold 66,459 units TW versus 93,805 units LW","93,805",Supported_cell,"cell(United Kingdom, Units_LW)=93805",
claim,large_product_2011-W42__S4__mock__r1,large_product_2011-W42,S4,mock,4,,CERAMIC CAKE STAND + HANGING CAKES | revenue | LW | £19.90,Correct,CERAMIC CAKE STAND + HANGING CAKES.Revenue_LW=19.9,
number,medium_product_2011-W42__S1__mock__r1,medium_product_2011-W42,S1,mock,5,- HOT WATER BOTTLE KEEP CALM had the most orders with 7 orders TW versus 38 LW,7,Supported_cell,"cell(LANDMARK FRAME BAKER STREET, Orders_TW)=7",
claim,small_country_2010-W18__S1__mock__r2,small_country_2010-W18,S1,mock,1,,"United Kingdom | revenue | LW | £168,403.05",Correct,United Kingdom.Revenue_LW=168403,
number,large_product_2010-W04__S3__mock__r2,large_product_2010-W04,S3,mock,7,"- Total revenue across the products shown was £61.8k TW, up 46.0% WoW",£61.8k,Supported_derived,sum(Revenue_TW)=61756.5,
claim,large_product_2010-W04__S1__mock__r1,large_product_2010-W04,S1,mock,5,,"WHITE HANGING HEART T-LIGHT HOLDER | units | TW | 1,313",Wrong_value,WHITE HANGING HEART T-LIGHT HOLDER.Units_TW=1382,
claim,large_product_2010-W04__S1__mock__r2,large_product_2010-W04,S1,mock,5,,"WHITE HANGING HEART T-LIGHT HOLDER | units | LW | 1,557",Wrong_value,WHITE HANGING HEART T-LIGHT HOLDER.Units_LW=1403,
number,medium_product_2011-W42__S1__mock__r1,medium_product_2011-W42,S1,mock,6,"- Total revenue across the products shown was £58.3k TW, up 150.8% WoW",£58.3k,Supported_derived,sum(Revenue_TW)=58323.3,
number,large_product_2010-W04__S4__mock__r2,large_product_2010-W04,S4,mock,2,"- RED HANGING HEART T-LIGHT HOLDER: rank 2, revenue £1,807.91 TW, share 2.9% TW, revenue change +119.9% WoW",2,Supported_cell,"cell(RED HANGING HEART T-LIGHT HOLDER, Rank)=2",
claim,small_product_2010-W50__S4__mock__r1,small_product_2010-W50,S4,mock,1,,REGENCY CAKESTAND 3 TIER | rank | TW | 1,Correct,REGENCY CAKESTAND 3 TIER.Rank=1,
claim,small_country_2010-W18__S1__mock__r2,small_country_2010-W18,S1,mock,2,,"Netherlands | revenue | TW | £9,014.91",Wrong_entity,value belongs to France.Revenue_TW=9014.91; claimed Netherlands,
claim,small_country_2010-W18__S4__mock__r2,small_country_2010-W18,S4,mock,1,,United Kingdom | rank | TW | 1,Correct,United Kingdom.Rank=1,
claim,small_product_2010-W50__S2__mock__r2,small_product_2010-W50,S2,mock,6,,WHITE HANGING HEART T-LIGHT HOLDER | share | TW | 15.3%,Correct,WHITE HANGING HEART T-LIGHT HOLDER.Share_Pct=15.3,
claim,large_product_2010-W04__S3__mock__r2,large_product_2010-W04,S3,mock,3,,CHERRY DESIGN PAPERLANTERNS | revenue | WoW | 14999.8%,Correct,CHERRY DESIGN PAPERLANTERNS.Revenue_WoW_Pct=14999.8,
claim,large_product_2010-W04__S3__mock__r2,large_product_2010-W04,S3,mock,3,,CHERRY DESIGN PAPERLANTERNS | revenue | TW | £635.70,Correct,CHERRY DESIGN PAPERLANTERNS.Revenue_TW=635.7,
number,medium_product_2011-W42__S4__mock__r2,medium_product_2011-W42,S4,mock,4,"- GINGHAM HEART DECORATION (largest WoW increase): revenue change +2054.1% WoW, revenue £1,565.58 TW versus £72.68 LW",£72.68,Supported_cell,"cell(GINGHAM HEART DECORATION, Revenue_LW)=72.68",
number,small_product_2010-W50__S2__mock__r1,small_product_2010-W50,S2,mock,0,"- Total revenue was £27,724.70 TW","£27,724.70",Supported_derived,sum(Revenue_TW)=27724.7,
claim,medium_product_2009-W50__S1__mock__r2,medium_product_2009-W50,S1,mock,4,,"PAPER CHAIN KIT 50'S CHRISTMAS | revenue | TW | £2,143.03",Correct,PAPER CHAIN KIT 50'S CHRISTMAS.Revenue_TW=2143.03,
number,small_country_2010-W18__S1__mock__r1,small_country_2010-W18,S1,mock,6,"- Total revenue across the countries shown was £157.7k TW, down 11.9% WoW",£157.7k,Supported_derived,sum(Revenue_TW)=157731,
number,large_product_2010-W04__S2__mock__r2,large_product_2010-W04,S2,mock,7,- RED HANGING HEART T-LIGHT HOLDER revenue was up 127.1% WoW,127.1%,Unsupported,,
claim,small_product_2010-W50__S2__mock__r1,small_product_2010-W50,S2,mock,0,,"TOTAL | revenue | TW | £27,724.70",Correct,TOTAL.Revenue_TW=27724.7,
number,small_product_2010-W50__S3__mock__r2,small_product_2010-W50,S3,mock,7,"- Total revenue across the products shown was £27.7k TW, down 8.4% WoW",£27.7k,Supported_derived,sum(Revenue_TW)=27724.7,
claim,small_country_2010-W18__S2__mock__r1,small_country_2010-W18,S2,mock,5,,"Netherlands | revenue | TW | £18,002.00",Correct,Netherlands.Revenue_TW=18002,
claim,large_product_2010-W04__S4__mock__r2,large_product_2010-W04,S4,mock,3,,SET/3 RUSSIAN DOLL STACKING TINS | rank | TW | 3,Correct,SET/3 RUSSIAN DOLL STACKING TINS.Rank=3,
number,small_country_2010-W18__S4__mock__r1,small_country_2010-W18,S4,mock,4,"- Netherlands (largest WoW increase): revenue change +1414.9% WoW, revenue £18,002.00 TW versus £1,188.30 LW",+1414.9%,Supported_cell,"cell(Netherlands, WoW_Pct)=1414.9",
claim,medium_product_2011-W42__S2__mock__r2,medium_product_2011-W42,S2,mock,0,,"TOTAL | revenue | TW | £58,323.33",Correct,TOTAL.Revenue_TW=58323.3,
number,small_country_2010-W18__S3__mock__r1,small_country_2010-W18,S3,mock,3,"- Netherlands posted the largest WoW gain, up 1414.9% to £18,002.00 TW","£18,002.00",Supported_cell,"cell(Netherlands, Revenue_TW)=18002",
claim,medium_product_2011-W42__S3__mock__r2,medium_product_2011-W42,S3,mock,0,,LANDMARK FRAME COVENT GARDEN | revenue | TW | £3.6k,Wrong_entity,value belongs to LANDMARK FRAME LONDON BRIDGE.Revenue_TW=3603.9; claimed LANDMARK FRAME COVENT GARDEN,
number,large_product_2010-W04__S1__mock__r2,large_product_2010-W04,S1,mock,5,"- WHITE HANGING HEART T-LIGHT HOLDER sold 1,534 units TW versus 1,557 units LW","1,557",Unsupported,,
claim,small_country_2010-W18__S4__mock__r2,small_country_2010-W18,S4,mock,1,,"United Kingdom | revenue | TW | £117,273.84",Correct,United Kingdom.Revenue_TW=117274,
number,small_country_2010-W18__S2__mock__r1,small_country_2010-W18,S2,mock,0,"- Total revenue was £157,731.41 TW","£157,731.41",Supported_derived,sum(Revenue_TW)=157731,
number,medium_product_2011-W42__S3__mock__r1,medium_product_2011-W42,S3,mock,0,"- LANDMARK FRAME COVENT GARDEN led revenue with £3.8k TW, a 2.0% share of the 33 products shown",2.0%,Supported_cell,"cell(JUMBO BAG 50'S CHRISTMAS, Share_Pct)=2",
claim,large_product_2011-W42__S1__mock__r2,large_product_2011-W42,S1,mock,3,,WHITE HANGING HEART T-LIGHT HOLDER | revenue | WoW | 58.5%,Wrong_value,WHITE HANGING HEART T-LIGHT HOLDER.Revenue_WoW_Pct=-63.6,
number,medium_product_2009-W50__S3__mock__r2,medium_product_2009-W50,S3,mock,5,"- WHITE HANGING HEART T-LIGHT HOLDER sold 3,172 units TW versus 1,851 units LW","3,172",Supported_cell,"cell(WHITE HANGING HEART T-LIGHT HOLDER, Units_TW)=3172",
number,large_product_2011-W42__S1__mock__r2,large_product_2011-W42,S1,mock,2,"- CERAMIC CAKE STAND + HANGING CAKES posted the largest WoW gain, up 228.9% to £495.90 TW",228.9%,Supported_cell,"cell(SMALL IVORY HEART WALL ORGANISER, WoW_Pct)=228.9",
number,medium_product_2011-W42__S1__mock__r2,medium_product_2011-W42,S1,mock,5,- HOT WATER BOTTLE KEEP CALM had the most orders with 50 orders TW versus 38 LW,50,Supported_cell,"cell(HOT WATER BOTTLE KEEP CALM, Orders_TW)=50",
number,large_product_2010-W04__S1__mock__r2,large_product_2010-W04,S1,mock,7,"- Total revenue across the products shown was £68.5k TW, up 46.0% WoW",£68.5k,Unsupported,,
number,large_product_2011-W42__S1__mock__r2,large_product_2011-W42,S1,mock,6,"- Total revenue across the products shown was £112.6k TW, up 93.7% WoW",£112.6k,Supported_derived,sum(Revenue_TW)=112644,
number,large_product_2011-W42__S1__mock__r1,large_product_2011-W42,S1,mock,5,- HOT WATER BOTTLE KEEP CALM had the most orders with 50 orders TW versus 38 LW,38,Supported_cell,"cell(HOT WATER BOTTLE KEEP CALM, Orders_LW)=38",
number,large_product_2011-W42__S4__mock__r1,large_product_2011-W42,S4,mock,0,"- Total: revenue £112,643.90 TW, revenue £58,152.40 LW, revenue change +93.7% WoW, revenue change +137.2% YoY","£58,152.40",Supported_derived,sum(Revenue_LW)=58152.4,
claim,medium_product_2009-W50__S4__mock__r1,medium_product_2009-W50,S4,mock,3,,FAIRY CAKE CANDLES | share | TW | 5.0%,Correct,FAIRY CAKE CANDLES.Share_Pct=5,
claim,small_product_2010-W50__S3__mock__r1,small_product_2010-W50,S3,mock,3,,GROW A FLYTRAP OR SUNFLOWER IN TIN | revenue | WoW | 8063.4%,Correct,GROW A FLYTRAP OR SUNFLOWER IN TIN.Revenue_WoW_Pct=8063.4,
claim,medium_product_2011-W42__S1__mock__r1,medium_product_2011-W42,S1,mock,0,,LANDMARK FRAME COVENT GARDEN | share | TW | 2.0%,Wrong_entity,value belongs to JUMBO BAG 50'S CHRISTMAS.Share_Pct=2; claimed LANDMARK FRAME COVENT GARDEN,
number,large_product_2011-W42__S3__mock__r2,large_product_2011-W42,S3,mock,0,"- LANDMARK FRAME COVENT GARDEN led revenue with £3.8k TW, a 3.3% share of the 125 products shown",3.3%,Supported_cell,"cell(LANDMARK FRAME COVENT GARDEN, Share_Pct)=3.3",
number,large_product_2010-W04__S2__mock__r1,large_product_2010-W04,S2,mock,6,- RED HANGING HEART T-LIGHT HOLDER held a 2.9% share of revenue TW,2.9%,Supported_cell,"cell(RED HANGING HEART T-LIGHT HOLDER, Share_Pct)=2.9",
claim,medium_product_2011-W42__S1__mock__r1,medium_product_2011-W42,S1,mock,3,,"DOORMAT KEEP CALM AND COME IN | revenue | TW | £1,248.25",Wrong_value,DOORMAT KEEP CALM AND COME IN.Revenue_TW=1356.79,
claim,small_product_2010-W50__S4__mock__r1,small_product_2010-W50,S4,mock,5,,"PAPER CHAIN KIT 50'S CHRISTMAS | revenue | TW | £2,149.75",Correct,PAPER CHAIN KIT 50'S CHRISTMAS.Revenue_TW=2149.75,
claim,medium_product_2011-W42__S4__mock__r1,medium_product_2011-W42,S4,mock,2,,LANDMARK FRAME OXFORD STREET | share | TW | 6.4%,Correct,LANDMARK FRAME OXFORD STREET.Share_Pct=6.4,
number,large_product_2010-W04__S4__mock__r1,large_product_2010-W04,S4,mock,3,"- SET/3 RUSSIAN DOLL STACKING TINS: rank 3, revenue £1,718.73 TW, share 2.8% TW, revenue change +975.9% WoW",+975.9%,Supported_cell,"cell(SET/3 RUSSIAN DOLL STACKING TINS, WoW_Pct)=975.9",
number,large_product_2010-W04__S1__mock__r1,large_product_2010-W04,S1,mock,5,"- WHITE HANGING HEART T-LIGHT HOLDER sold 1,313 units TW versus 1,403 units LW","1,313",Unsupported,,
claim,large_product_2010-W04__S4__mock__r2,large_product_2010-W04,S4,mock,5,,"KENSINGTON COFFEE SET | revenue | LW | £7,750.05",Correct,KENSINGTON COFFEE SET.Revenue_LW=7750.05,
claim,medium_product_2011-W42__S1__mock__r2,medium_product_2011-W42,S1,mock,1,,"LANDMARK FRAME OXFORD STREET | revenue | TW | £3,753.90",Correct,LANDMARK FRAME OXFORD STREET.Revenue_TW=3753.9,
claim,medium_product_2009-W50__S2__mock__r1,medium_product_2009-W50,S2,mock,2,,"WHITE HANGING HEART T-LIGHT HOLDER | revenue | TW | £8,406.79",Correct,WHITE HANGING HEART T-LIGHT HOLDER.Revenue_TW=8406.79,
claim,small_country_2010-W18__S4__mock__r1,small_country_2010-W18,S4,mock,1,,"United Kingdom | revenue | TW | £117,273.84",Correct,United Kingdom.Revenue_TW=117274,
number,medium_product_2009-W50__S1__mock__r1,medium_product_2009-W50,S1,mock,4,"- PAPER CHAIN KIT 50'S CHRISTMAS revenue fell 61.8% WoW to £2,143.03 TW","£2,143.03",Supported_cell,"cell(PAPER CHAIN KIT 50'S CHRISTMAS, Revenue_TW)=2143.03",
claim,small_product_2010-W50__S2__mock__r1,small_product_2010-W50,S2,mock,6,,WHITE HANGING HEART T-LIGHT HOLDER | share | TW | 15.3%,Correct,WHITE HANGING HEART T-LIGHT HOLDER.Share_Pct=15.3,
claim,small_product_2010-W50__S4__mock__r2,small_product_2010-W50,S4,mock,3,,CHILLI LIGHTS | rank | TW | 3,Correct,CHILLI LIGHTS.Rank=3,
number,large_product_2010-W04__S3__mock__r2,large_product_2010-W04,S3,mock,2,"- RED HANGING HEART T-LIGHT HOLDER ranked 2nd with £1,807.91 TW","£1,807.91",Supported_cell,"cell(RED HANGING HEART T-LIGHT HOLDER, Revenue_TW)=1807.91",
claim,large_product_2010-W04__S1__mock__r1,large_product_2010-W04,S1,mock,4,,KENSINGTON COFFEE SET | revenue | WoW | 83.6%,Wrong_value,KENSINGTON COFFEE SET.Revenue_WoW_Pct=-78.9,
claim,small_product_2010-W50__S4__mock__r1,small_product_2010-W50,S4,mock,3,,"CHILLI LIGHTS | revenue | TW | £2,494.07",Correct,CHILLI LIGHTS.Revenue_TW=2494.07,
claim,medium_product_2009-W50__S1__mock__r2,medium_product_2009-W50,S1,mock,5,,"WHITE HANGING HEART T-LIGHT HOLDER | units | TW | 3,172",Correct,WHITE HANGING HEART T-LIGHT HOLDER.Units_TW=3172,
number,small_product_2010-W50__S4__mock__r2,small_product_2010-W50,S4,mock,3,"- CHILLI LIGHTS: rank 3, revenue £2,494.07 TW, share 9.0% TW, revenue change +26.4% WoW","£2,494.07",Supported_cell,"cell(CHILLI LIGHTS, Revenue_TW)=2494.07",
number,medium_product_2009-W50__S3__mock__r2,medium_product_2009-W50,S3,mock,4,"- PAPER CHAIN KIT 50'S CHRISTMAS revenue fell 61.8% WoW to £2,143.03 TW",61.8%,Supported_cell,"cell(PAPER CHAIN KIT 50'S CHRISTMAS, WoW_Pct)=-61.8",
claim,large_product_2010-W04__S1__mock__r2,large_product_2010-W04,S1,mock,3,,CHERRY DESIGN PAPERLANTERNS | revenue | WoW | 14999.8%,Correct,CHERRY DESIGN PAPERLANTERNS.Revenue_WoW_Pct=14999.8,
number,large_product_2010-W04__S2__mock__r1,large_product_2010-W04,S2,mock,7,- RED HANGING HEART T-LIGHT HOLDER revenue was up 119.9% WoW,119.9%,Supported_cell,"cell(RED HANGING HEART T-LIGHT HOLDER, WoW_Pct)=119.9",
number,medium_product_2011-W42__S1__mock__r1,medium_product_2011-W42,S1,mock,3,"- DOORMAT KEEP CALM AND COME IN revenue fell 34.4% WoW to £1,248.25 TW","£1,248.25",Unsupported,,
number,large_product_2010-W04__S1__mock__r1,large_product_2010-W04,S1,mock,3,"- CHERRY DESIGN PAPERLANTERNS posted the largest WoW gain, up 16649.8% to £635.70 TW",16649.8%,Unsupported,,
claim,medium_product_2011-W42__S2__mock__r2,medium_product_2011-W42,S2,mock,6,,"LANDMARK FRAME NOTTING HILL | revenue | TW | £3,367.20",Wrong_value,LANDMARK FRAME NOTTING HILL.Revenue_TW=3660,
claim,medium_product_2011-W42__S1__mock__r1,medium_product_2011-W42,S1,mock,1,,LANDMARK FRAME OXFORD STREET | rank | TW | 2nd,Correct,LANDMARK FRAME OXFORD STREET.Rank=2,
claim,small_product_2010-W50__S3__mock__r1,small_product_2010-W50,S3,mock,3,,"GROW A FLYTRAP OR SUNFLOWER IN TIN | revenue | TW | £2,449.01",Correct,GROW A FLYTRAP OR SUNFLOWER IN TIN.Revenue_TW=2449.01,
number,small_product_2010-W50__S1__mock__r2,small_product_2010-W50,S1,mock,7,"- Total revenue across the products shown was £30.8k TW, down 8.4% WoW",8.4%,Supported_derived,"pct_change(sum(Revenue_TW), sum(Revenue_LW))=-8.41761",
claim,large_product_2011-W42__S4__mock__r1,large_product_2011-W42,S4,mock,7,,CHRISTMAS LIGHTS 10 REINDEER | revenue | YoY | -77.1%,Correct,CHRISTMAS LIGHTS 10 REINDEER.Revenue_YoY_Pct=-77.1,
claim,small_product_2010-W50__S1__mock__r1,small_product_2010-W50,S1,mock,0,,REGENCY CAKESTAND 3 TIER | share | TW | 23.8%,Wrong_value,REGENCY CAKESTAND 3 TIER.Share_Pct=21.4,
claim,small_country_2010-W18__S2__mock__r1,small_country_2010-W18,S2,mock,2,,"United Kingdom | revenue | TW | £117,273.84",Correct,United Kingdom.Revenue_TW=117274,
claim,small_country_2010-W18__S3__mock__r1,small_country_2010-W18,S3,mock,5,,United Kingdom | orders | TW | 7,Wrong_entity,value belongs to EIRE.Orders_TW=7; claimed United Kingdom,
number,medium_product_2011-W42__S4__mock__r1,medium_product_2011-W42,S4,mock,5,"- DOORMAT KEEP CALM AND COME IN (largest WoW decrease): revenue change -34.4% WoW, revenue £1,356.79 TW versus £2,068.84 LW","£2,068.84",Supported_cell,"cell(DOORMAT KEEP CALM AND COME IN, Revenue_LW)=2068.84",
claim,small_country_2010-W18__S2__mock__r2,small_country_2010-W18,S2,mock,1,,TOTAL | revenue | WoW | 11.9%,Correct,TOTAL.Revenue_WoW_Pct=-11.9024,
number,large_product_2010-W04__S4__mock__r2,large_product_2010-W04,S4,mock,0,"- Total: revenue £61,756.48 TW, revenue £42,295.08 LW, revenue change +46.0% WoW",+46.0%,Supported_derived,"pct_change(sum(Revenue_TW), sum(Revenue_LW))=46.0134",
number,small_product_2010-W50__S2__mock__r2,small_product_2010-W50,S2,mock,6,- WHITE HANGING HEART T-LIGHT HOLDER held a 15.3% share of revenue TW,15.3%,Supported_cell,"cell(WHITE HANGING HEART T-LIGHT HOLDER, Share_Pct)=15.3",
number,small_country_2010-W18__S4__mock__r1,small_country_2010-W18,S4,mock,1,"- United Kingdom: rank 1, revenue £117,273.84 TW, share 74.4% TW, revenue change -30.4% WoW",-30.4%,Supported_cell,"cell(United Kingdom, WoW_Pct)=-30.4",
number,large_product_2010-W04__S4__mock__r1,large_product_2010-W04,S4,mock,3,"- SET/3 RUSSIAN DOLL STACKING TINS: rank 3, revenue £1,718.73 TW, share 2.8% TW, revenue change +975.9% WoW","£1,718.73",Supported_cell,"cell(SET/3 RUSSIAN DOLL STACKING TINS, Revenue_TW)=1718.73",
number,medium_product_2009-W50__S1__mock__r2,medium_product_2009-W50,S1,mock,3,"- BLACK RECORD COVER FRAME posted the largest WoW gain, up 185.5% to £1,144.96 TW",185.5%,Supported_cell,"cell(BLACK RECORD COVER FRAME, WoW_Pct)=185.5",
number,large_product_2010-W04__S2__mock__r1,large_product_2010-W04,S2,mock,0,"- Total revenue was £61,756.48 TW","£61,756.48",Supported_derived,sum(Revenue_TW)=61756.5,
claim,medium_product_2009-W50__S4__mock__r1,medium_product_2009-W50,S4,mock,2,,EDWARDIAN PARASOL BLACK | revenue | WoW | -12.2%,Correct,EDWARDIAN PARASOL BLACK.Revenue_WoW_Pct=-12.2,
number,small_country_2010-W18__S1__mock__r1,small_country_2010-W18,S1,mock,2,"- Netherlands ranked 2nd with £18,002.00 TW",2nd,Supported_cell,"cell(Netherlands, Rank)=2",
number,small_country_2010-W18__S4__mock__r2,small_country_2010-W18,S4,mock,4,"- Netherlands (largest WoW increase): revenue change +1414.9% WoW, revenue £18,002.00 TW versus £1,188.30 LW","£18,002.00",Supported_cell,"cell(Netherlands, Revenue_TW)=18002",
number,medium_product_2011-W42__S1__mock__r2,medium_product_2011-W42,S1,mock,6,"- Total revenue across the products shown was £64.7k TW, up 150.8% WoW",£64.7k,Unsupported,,
claim,small_product_2010-W50__S1__mock__r2,small_product_2010-W50,S1,mock,6,,WHITE HANGING HEART T-LIGHT HOLDER | orders | TW | 68,Correct,WHITE HANGING HEART T-LIGHT HOLDER.Orders_TW=68,
claim,small_country_2010-W18__S3__mock__r2,small_country_2010-W18,S3,mock,4,,"United Kingdom | units | LW | 93,805",Correct,United Kingdom.Units_LW=93805,
claim,large_product_2011-W42__S1__mock__r1,large_product_2011-W42,S1,mock,2,,CERAMIC CAKE STAND + HANGING CAKES | revenue | TW | £495.90,Correct,CERAMIC CAKE STAND + HANGING CAKES.Revenue_TW=495.9,
claim,small_product_2010-W50__S3__mock__r2,small_product_2010-W50,S3,mock,2,,WHITE HANGING HEART T-LIGHT HOLDER | rank | TW | 2nd,Correct,WHITE HANGING HEART T-LIGHT HOLDER.Rank=2,
claim,medium_product_2011-W42__S4__mock__r2,medium_product_2011-W42,S4,mock,4,,GINGHAM HEART DECORATION | revenue | WoW | +2054.1%,Correct,GINGHAM HEART DECORATION.Revenue_WoW_Pct=2054.1,
claim,small_product_2010-W50__S1__mock__r2,small_product_2010-W50,S1,mock,7,,TOTAL | revenue | TW | £30.8k,Wrong_value,TOTAL.Revenue_TW=27724.7,
claim,small_product_2010-W50__S1__mock__r2,small_product_2010-W50,S1,mock,3,,"GROW A FLYTRAP OR SUNFLOWER IN TIN | revenue | TW | £2,449.01",Correct,GROW A FLYTRAP OR SUNFLOWER IN TIN.Revenue_TW=2449.01,
claim,medium_product_2009-W50__S1__mock__r2,medium_product_2009-W50,S1,mock,7,,TOTAL | revenue | TW | £61.8k,Correct,TOTAL.Revenue_TW=61834.6,
claim,small_country_2010-W18__S3__mock__r2,small_country_2010-W18,S3,mock,0,,United Kingdom | share | TW | 70.7%,Wrong_value,United Kingdom.Share_Pct=74.4,
claim,medium_product_2009-W50__S4__mock__r1,medium_product_2009-W50,S4,mock,3,,FAIRY CAKE CANDLES | rank | TW | 3,Correct,FAIRY CAKE CANDLES.Rank=3,
claim,large_product_2010-W04__S2__mock__r2,large_product_2010-W04,S2,mock,2,,"WHITE HANGING HEART T-LIGHT HOLDER | revenue | TW | £3,740.98",Correct,WHITE HANGING HEART T-LIGHT HOLDER.Revenue_TW=3740.98,
claim,large_product_2010-W04__S4__mock__r1,large_product_2010-W04,S4,mock,3,,SET/3 RUSSIAN DOLL STACKING TINS | rank | TW | 3,Correct,SET/3 RUSSIAN DOLL STACKING TINS.Rank=3,
claim,large_product_2010-W04__S1__mock__r1,large_product_2010-W04,S1,mock,6,,WHITE HANGING HEART T-LIGHT HOLDER | orders | LW | 66,Correct,WHITE HANGING HEART T-LIGHT HOLDER.Orders_LW=66,
claim,small_country_2010-W18__S4__mock__r1,small_country_2010-W18,S4,mock,6,,United Kingdom | orders | TW | 314,Correct,United Kingdom.Orders_TW=314,
claim,large_product_2010-W04__S3__mock__r2,large_product_2010-W04,S3,mock,7,,TOTAL | revenue | WoW | 46.0%,Correct,TOTAL.Revenue_WoW_Pct=46.0134,
claim,small_product_2010-W50__S1__mock__r2,small_product_2010-W50,S1,mock,0,,REGENCY CAKESTAND 3 TIER | share | TW | 21.4%,Correct,REGENCY CAKESTAND 3 TIER.Share_Pct=21.4,
number,large_product_2011-W42__S3__mock__r1,large_product_2011-W42,S3,mock,2,"- CERAMIC CAKE STAND + HANGING CAKES posted the largest WoW gain, up 2392.0% to £495.90 TW",2392.0%,Supported_cell,"cell(CERAMIC CAKE STAND + HANGING CAKES, WoW_Pct)=2392",
number,small_product_2010-W50__S1__mock__r2,small_product_2010-W50,S1,mock,7,"- Total revenue across the products shown was £30.8k TW, down 8.4% WoW",£30.8k,Unsupported,,
claim,medium_product_2011-W42__S1__mock__r1,medium_product_2011-W42,S1,mock,6,,TOTAL | revenue | WoW | 150.8%,Correct,TOTAL.Revenue_WoW_Pct=150.802,
number,medium_product_2011-W42__S4__mock__r2,medium_product_2011-W42,S4,mock,2,"- LANDMARK FRAME OXFORD STREET: rank 2, revenue £3,753.90 TW, share 6.4% TW",2,Supported_cell,"cell(LANDMARK FRAME OXFORD STREET, Rank)=2",
claim,small_country_2010-W18__S4__mock__r2,small_country_2010-W18,S4,mock,1,,United Kingdom | revenue | WoW | -30.4%,Correct,United Kingdom.Revenue_WoW_Pct=-30.4,
claim,small_product_2010-W50__S2__mock__r1,small_product_2010-W50,S2,mock,3,,REGENCY CAKESTAND 3 TIER | share | TW | 21.4%,Correct,REGENCY CAKESTAND 3 TIER.Share_Pct=21.4,
number,small_country_2010-W18__S3__mock__r1,small_country_2010-W18,S3,mock,6,"- Total revenue across the countries shown was £157.7k TW, down 11.9% WoW",11.9%,Supported_derived,"pct_change(sum(Revenue_TW), sum(Revenue_LW))=-11.9024",
number,large_product_2011-W42__S2__mock__r2,large_product_2011-W42,S2,mock,1,- Total revenue was up 93.7% WoW,93.7%,Supported_cell,"cell(PLASTERS IN TIN WOODLAND ANIMALS, WoW_Pct)=93.7",
number,large_product_2010-W04__S1__mock__r2,large_product_2010-W04,S1,mock,4,- KENSINGTON COFFEE SET revenue fell 78.9% WoW to £417.21 TW,78.9%,Supported_cell,"cell(KENSINGTON COFFEE SET, WoW_Pct)=-78.9",
number,large_product_2010-W04__S2__mock__r1,large_product_2010-W04,S2,mock,2,"- WHITE HANGING HEART T-LIGHT HOLDER revenue was £3,740.98 TW","£3,740.98",Supported_cell,"cell(WHITE HANGING HEART T-LIGHT HOLDER, Revenue_TW)=3740.98",
number,medium_product_2009-W50__S2__mock__r2,medium_product_2009-W50,S2,mock,0,"- Total revenue was £56,887.82 TW","£56,887.82",Unsupported,,
claim,medium_product_2009-W50__S1__mock__r1,medium_product_2009-W50,S1,mock,5,,"WHITE HANGING HEART T-LIGHT HOLDER | units | TW | 3,172",Correct,WHITE HANGING HEART T-LIGHT HOLDER.Units_TW=3172,
number,medium_product_2009-W50__S1__mock__r1,medium_product_2009-W50,S1,mock,5,"- WHITE HANGING HEART T-LIGHT HOLDER sold 3,172 units TW versus 2,055 units LW","2,055",Unsupported,,
claim,medium_product_2009-W50__S2__mock__r2,medium_product_2009-W50,S2,mock,0,,"TOTAL | revenue | TW | £56,887.82",Wrong_value,TOTAL.Revenue_TW=61834.6,
number,medium_product_2011-W42__S3__mock__r2,medium_product_2011-W42,S3,mock,0,"- LANDMARK FRAME COVENT GARDEN led revenue with £3.6k TW, a 6.5% share of the 33 products shown",6.5%,Supported_cell,"cell(LANDMARK FRAME COVENT GARDEN, Share_Pct)=6.5",
claim,small_country_2010-W18__S4__mock__r1,small_country_2010-W18,S4,mock,6,,United Kingdom | orders | LW | 397,Correct,United Kingdom.Orders_LW=397,
number,small_country_2010-W18__S2__mock__r2,small_country_2010-W18,S2,mock,3,- United Kingdom held a 74.4% share of revenue TW,74.4%,Supported_cell,"cell(United Kingdom, Share_Pct)=74.4",
claim,small_product_2010-W50__S1__mock__r2,small_product_2010-W50,S1,mock,1,,REGENCY CAKESTAND 3 TIER | revenue | WoW | 45.7%,Correct,REGENCY CAKESTAND 3 TIER.Revenue_WoW_Pct=-45.7,
claim,small_product_2010-W50__S2__mock__r2,small_product_2010-W50,S2,mock,7,,WHITE HANGING HEART T-LIGHT HOLDER | revenue | WoW | 18.5%,Wrong_value,WHITE HANGING HEART T-LIGHT HOLDER.Revenue_WoW_Pct=20.1,
claim,small_product_2010-W50__S1__mock__r1,small_product_2010-W50,S1,mock,7,,TOTAL | revenue | WoW | 9.3%,Wrong_value,TOTAL.Revenue_WoW_Pct=-8.41761,
number,small_product_2010-W50__S1__mock__r2,small_product_2010-W50,S1,mock,1,"- REGENCY CAKESTAND 3 TIER revenue was down 45.7% WoW from £10,902.59 LW",45.7%,Supported_cell,"cell(REGENCY CAKESTAND 3 TIER, WoW_Pct)=-45.7",
claim,medium_product_2009-W50__S3__mock__r1,medium_product_2009-W50,S3,mock,4,,"PAPER CHAIN KIT 50'S CHRISTMAS | revenue | TW | £2,143.03",Correct,PAPER CHAIN KIT 50'S CHRISTMAS.Revenue_TW=2143.03,
number,large_product_2011-W42__S3__mock__r1,large_product_2011-W42,S3,mock,0,"- LANDMARK FRAME COVENT GARDEN led revenue with £3.8k TW, a 3.3% share of the 125 products shown",3.3%,Supported_cell,"cell(LANDMARK FRAME COVENT GARDEN, Share_Pct)=3.3",
claim,small_product_2010-W50__S3__mock__r2,small_product_2010-W50,S3,mock,4,,"PAPER CHAIN KIT 50'S CHRISTMAS | revenue | TW | £2,149.75",Correct,PAPER CHAIN KIT 50'S CHRISTMAS.Revenue_TW=2149.75,
number,large_product_2011-W42__S4__mock__r2,large_product_2011-W42,S4,mock,4,"- CERAMIC CAKE STAND + HANGING CAKES (largest WoW increase): revenue change +2392.0% WoW, revenue £495.90 TW versus £19.90 LW",+2392.0%,Supported_cell,"cell(CERAMIC CAKE STAND + HANGING CAKES, WoW_Pct)=2392",
claim,large_product_2010-W04__S3__mock__r2,large_product_2010-W04,S3,mock,0,,WHITE HANGING HEART T-LIGHT HOLDER | revenue | TW | £3.7k,Correct,WHITE HANGING HEART T-LIGHT HOLDER.Revenue_TW=3740.98,
claim,large_product_2010-W04__S4__mock__r2,large_product_2010-W04,S4,mock,0,,"TOTAL | revenue | TW | £61,756.48",Correct,TOTAL.Revenue_TW=61756.5,
number,medium_product_2009-W50__S4__mock__r1,medium_product_2009-W50,S4,mock,1,"- WHITE HANGING HEART T-LIGHT HOLDER: rank 1, revenue £8,406.79 TW, share 13.6% TW, revenue change +70.1% WoW",13.6%,Supported_cell,"cell(WHITE HANGING HEART T-LIGHT HOLDER, Share_Pct)=13.6",
claim,medium_product_2011-W42__S4__mock__r1,medium_product_2011-W42,S4,mock,0,,"TOTAL | revenue | TW | £58,323.33",Correct,TOTAL.Revenue_TW=58323.3,
claim,small_country_2010-W18__S2__mock__r2,small_country_2010-W18,S2,mock,5,,"Netherlands | revenue | TW | £18,002.00",Correct,Netherlands.Revenue_TW=18002,
claim,large_product_2011-W42__S1__mock__r1,large_product_2011-W42,S1,mock,5,,HOT WATER BOTTLE KEEP CALM | orders | TW | 50,Correct,HOT WATER BOTTLE KEEP CALM.Orders_TW=50,
claim,medium_product_2009-W50__S2__mock__r2,medium_product_2009-W50,S2,mock,7,,EDWARDIAN PARASOL BLACK | revenue | WoW | 12.2%,Correct,EDWARDIAN PARASOL BLACK.Revenue_WoW_Pct=-12.2,
number,large_product_2010-W04__S2__mock__r2,large_product_2010-W04,S2,mock,6,- RED HANGING HEART T-LIGHT HOLDER held a 2.9% share of revenue TW,2.9%,Supported_cell,"cell(RED HANGING HEART T-LIGHT HOLDER, Share_Pct)=2.9",
number,small_country_2010-W18__S2__mock__r1,small_country_2010-W18,S2,mock,2,"- United Kingdom revenue was £117,273.84 TW","£117,273.84",Supported_cell,"cell(United Kingdom, Revenue_TW)=117274",
number,medium_product_2009-W50__S1__mock__r2,medium_product_2009-W50,S1,mock,3,"- BLACK RECORD COVER FRAME posted the largest WoW gain, up 185.5% to £1,144.96 TW","£1,144.96",Supported_cell,"cell(BLACK RECORD COVER FRAME, Revenue_TW)=1144.96",
number,small_country_2010-W18__S3__mock__r1,small_country_2010-W18,S3,mock,0,"- United Kingdom led revenue with £117.3k TW, a 74.4% share of the 6 countries shown",£117.3k,Supported_cell,"cell(United Kingdom, Revenue_TW)=117274",
claim,large_product_2011-W42__S4__mock__r2,large_product_2011-W42,S4,mock,6,,RED  HARMONICA IN BOX | revenue | LY | £3.75,Correct,RED  HARMONICA IN BOX.Revenue_LY=3.75,
number,large_product_2010-W04__S4__mock__r2,large_product_2010-W04,S4,mock,3,"- SET/3 RUSSIAN DOLL STACKING TINS: rank 3, revenue £1,718.73 TW, share 2.8% TW, revenue change +975.9% WoW","£1,718.73",Supported_cell,"cell(SET/3 RUSSIAN DOLL STACKING TINS, Revenue_TW)=1718.73",
number,medium_product_2009-W50__S1__mock__r2,medium_product_2009-W50,S1,mock,1,"- WHITE HANGING HEART T-LIGHT HOLDER revenue was up 70.1% WoW from £4,942.19 LW","£4,942.19",Supported_cell,"cell(WHITE HANGING HEART T-LIGHT HOLDER, Revenue_LW)=4942.19",
number,medium_product_2009-W50__S2__mock__r2,medium_product_2009-W50,S2,mock,2,"- WHITE HANGING HEART T-LIGHT HOLDER revenue was £8,406.79 TW","£8,406.79",Supported_cell,"cell(WHITE HANGING HEART T-LIGHT HOLDER, Revenue_TW)=8406.79",
number,large_product_2011-W42__S2__mock__r2,large_product_2011-W42,S2,mock,5,- LANDMARK FRAME OXFORD STREET held a 3.3% share of revenue TW,3.3%,Supported_cell,"cell(LANDMARK FRAME OXFORD STREET, Share_Pct)=3.3",
claim,large_product_2011-W42__S3__mock__r2,large_product_2011-W42,S3,mock,2,,CERAMIC CAKE STAND + HANGING CAKES | revenue | TW | £495.90,Correct,CERAMIC CAKE STAND + HANGING CAKES.Revenue_TW=495.9,
claim,medium_product_2009-W50__S1__mock__r2,medium_product_2009-W50,S1,mock,6,,WHITE HANGING HEART T-LIGHT HOLDER | orders | TW | 119,Wrong_value,WHITE HANGING HEART T-LIGHT HOLDER.Orders_TW=112,
claim,large_product_2011-W42__S2__mock__r1,large_product_2011-W42,S2,mock,7,,LANDMARK FRAME NOTTING HILL | share | TW | 3.2%,Correct,LANDMARK FRAME NOTTING HILL.Share_Pct=3.2,
number,small_country_2010-W18__S1__mock__r1,small_country_2010-W18,S1,mock,6,"- Total revenue across the countries shown was £157.7k TW, down 11.9% WoW",11.9%,Supported_derived,"pct_change(sum(Revenue_TW), sum(Revenue_LW))=-11.9024",
claim,large_product_2011-W42__S4__mock__r2,large_product_2011-W42,S4,mock,7,,"CHRISTMAS LIGHTS 10 REINDEER | revenue | LY | £2,374.88",Correct,CHRISTMAS LIGHTS 10 REINDEER.Revenue_LY=2374.88,
number,medium_product_2009-W50__S4__mock__r1,medium_product_2009-W50,S4,mock,3,"- FAIRY CAKE CANDLES: rank 3, revenue £3,065.02 TW, share 5.0% TW, revenue change +121.8% WoW",+121.8%,Supported_cell,"cell(FAIRY CAKE CANDLES, WoW_Pct)=121.8",
claim,medium_product_2011-W42__S3__mock__r2,medium_product_2011-W42,S3,mock,3,,DOORMAT KEEP CALM AND COME IN | revenue | WoW | 34.4%,Correct,DOORMAT KEEP CALM AND COME IN.Revenue_WoW_Pct=-34.4,
number,small_country_2010-W18__S4__mock__r1,small_country_2010-W18,S4,mock,4,"- Netherlands (largest WoW increase): revenue change +1414.9% WoW, revenue £18,002.00 TW versus £1,188.30 LW","£1,188.30",Supported_cell,"cell(Netherlands, Revenue_LW)=1188.3",
claim,large_product_2011-W42__S3__mock__r2,large_product_2011-W42,S3,mock,3,,WHITE HANGING HEART T-LIGHT HOLDER | revenue | WoW | 58.5%,Wrong_value,WHITE HANGING HEART T-LIGHT HOLDER.Revenue_WoW_Pct=-63.6,
claim,medium_product_2009-W50__S2__mock__r2,medium_product_2009-W50,S2,mock,2,,"WHITE HANGING HEART T-LIGHT HOLDER | revenue | TW | £8,406.79",Correct,WHITE HANGING HEART T-LIGHT HOLDER.Revenue_TW=8406.79,
claim,small_product_2010-W50__S2__mock__r1,small_product_2010-W50,S2,mock,7,,WHITE HANGING HEART T-LIGHT HOLDER | revenue | WoW | 20.1%,Correct,WHITE HANGING HEART T-LIGHT HOLDER.Revenue_WoW_Pct=20.1,
claim,small_country_2010-W18__S4__mock__r2,small_country_2010-W18,S4,mock,5,,"United Kingdom | revenue | TW | £117,273.84",Correct,United Kingdom.Revenue_TW=117274,
number,medium_product_2009-W50__S4__mock__r1,medium_product_2009-W50,S4,mock,0,"- Total: revenue £61,834.59 TW, revenue £55,327.99 LW, revenue change +11.8% WoW","£55,327.99",Supported_derived,sum(Revenue_LW)=55328,
number,large_product_2011-W42__S4__mock__r1,large_product_2011-W42,S4,mock,2,"- LANDMARK FRAME OXFORD STREET: rank 2, revenue £3,753.90 TW, share 3.3% TW","£3,753.90",Supported_cell,"cell(LANDMARK FRAME OXFORD STREET, Revenue_TW)=3753.9",
number,large_product_2011-W42__S4__mock__r2,large_product_2011-W42,S4,mock,0,"- Total: revenue £112,643.90 TW, revenue £58,152.40 LW, revenue change +93.7% WoW, revenue change +137.2% YoY","£58,152.40",Supported_derived,sum(Revenue_LW)=58152.4,
claim,large_product_2011-W42__S3__mock__r2,large_product_2011-W42,S3,mock,5,,HOT WATER BOTTLE KEEP CALM | orders | TW | 50,Correct,HOT WATER BOTTLE KEEP CALM.Orders_TW=50,
number,large_product_2010-W04__S3__mock__r2,large_product_2010-W04,S3,mock,0,"- WHITE HANGING HEART T-LIGHT HOLDER led revenue with £3.7k TW, a 6.1% share of the 109 products shown",6.1%,Supported_cell,"cell(WHITE HANGING HEART T-LIGHT HOLDER, Share_Pct)=6.1",
claim,small_product_2010-W50__S4__mock__r1,small_product_2010-W50,S4,mock,0,,TOTAL | revenue | YoY | +89.1%,Correct,TOTAL.Revenue_YoY_Pct=89.0834,
number,large_product_2011-W42__S3__mock__r1,large_product_2011-W42,S3,mock,1,"- LANDMARK FRAME OXFORD STREET ranked 2nd with £3,753.90 TW","£3,753.90",Supported_cell,"cell(LANDMARK FRAME OXFORD STREET, Revenue_TW)=3753.9",
claim,small_product_2010-W50__S4__mock__r2,small_product_2010-W50,S4,mock,5,,"PAPER CHAIN KIT 50'S CHRISTMAS | revenue | TW | £2,149.75",Correct,PAPER CHAIN KIT 50'S CHRISTMAS.Revenue_TW=2149.75,
claim,large_product_2010-W04__S1__mock__r2,large_product_2010-W04,S1,mock,1,,WHITE HANGING HEART T-LIGHT HOLDER | revenue | WoW | 1.4%,Correct,WHITE HANGING HEART T-LIGHT HOLDER.Revenue_WoW_Pct=-1.4,
number,large_product_2010-W04__S4__mock__r1,large_product_2010-W04,S4,mock,2,"- RED HANGING HEART T-LIGHT HOLDER: rank 2, revenue £1,807.91 TW, share 2.9% TW, revenue change +119.9% WoW",2.9%,Supported_cell,"cell(RED HANGING HEART T-LIGHT HOLDER, Share_Pct)=2.9",
claim,large_product_2011-W42__S4__mock__r2,large_product_2011-W42,S4,mock,6,,RED  HARMONICA IN BOX | revenue | YoY | +26576.5%,Correct,RED  HARMONICA IN BOX.Revenue_YoY_Pct=26576.5,
number,large_product_2011-W42__S1__mock__r1,large_product_2011-W42,S1,mock,6,"- Total revenue across the products shown was £112.6k TW, up 93.7% WoW",£112.6k,Supported_derived,sum(Revenue_TW)=112644,
number,medium_product_2011-W42__S2__mock__r2,medium_product_2011-W42,S2,mock,5,- LANDMARK FRAME OXFORD STREET held a 5.9% share of revenue TW,5.9%,Supported_cell,"cell(LANDMARK FRAME BAKER STREET, Share_Pct)=5.9",
number,medium_product_2011-W42__S2__mock__r2,medium_product_2011-W42,S2,mock,0,"- Total revenue was £58,323.33 TW","£58,323.33",Supported_derived,sum(Revenue_TW)=58323.3,
number,large_product_2011-W42__S3__mock__r2,large_product_2011-W42,S3,mock,6,"- Total revenue across the products shown was £112.6k TW, up 93.7% WoW",£112.6k,Supported_derived,sum(Revenue_TW)=112644,
claim,small_country_2010-W18__S3__mock__r1,small_country_2010-W18,S3,mock,3,,Netherlands | revenue | WoW | 1414.9%,Correct,Netherlands.Revenue_WoW_Pct=1414.9,
claim,large_product_2010-W04__S4__mock__r1,large_product_2010-W04,S4,mock,5,,"KENSINGTON COFFEE SET | revenue | TW | £1,632.90",Correct,KENSINGTON COFFEE SET.Revenue_TW=1632.9,
number,medium_product_2011-W42__S3__mock__r2,medium_product_2011-W42,S3,mock,6,"- Total revenue across the products shown was £58.3k TW, up 150.8% WoW",150.8%,Supported_derived,"pct_change(sum(Revenue_TW), sum(Revenue_LW))=150.802",
