note_id,strategy,line,entity,metric,period,value_text,v1_label,v1_evidence,v2_same_claims,v2_evidence,v2_adjusted,cause
large_product_2010-W04__S1__claude-opus-5__r1,S1,"- KENSINGTON COFFEE SET fell to £1,632.90 TW from £7,750.05 LW (-78.9% WoW), with units down to 186 from 915, and it sits at rank 4 with 2.6% share.",KENSINGTON COFFEE SET,revenue,TW,"£1,632.90",Wrong_value,KENSINGTON COFFEE SET.Revenue_TW=1632.9 (direction wrong),Correct,KENSINGTON COFFEE SET.Revenue_TW=1632.9,,direction word applied to a level
large_product_2010-W04__S1__claude-opus-5__r1,S1,"- KENSINGTON COFFEE SET fell to £1,632.90 TW from £7,750.05 LW (-78.9% WoW), with units down to 186 from 915, and it sits at rank 4 with 2.6% share.",KENSINGTON COFFEE SET,units,TW,186,Wrong_value,KENSINGTON COFFEE SET.Units_TW=186 (direction wrong),Correct,KENSINGTON COFFEE SET.Units_TW=186,,direction word applied to a level
large_product_2010-W04__S1__claude-opus-5__r1,S1,"- ASSORTED COLOUR BIRD ORNAMENT declined to £427.99 TW from £1,386.13 LW (-69.1% WoW) with units at 211 TW versus 897 LW.",ASSORTED COLOUR BIRD ORNAMENT,revenue,TW,£427.99,Wrong_value,ASSORTED COLOUR BIRD ORNAMENT.Revenue_TW=427.99 (direction wrong),Correct,ASSORTED COLOUR BIRD ORNAMENT.Revenue_TW=427.99,,direction word applied to a level
large_product_2010-W04__S1__claude-opus-5__r1,S1,"- The top five TW products combined for 16.9% share, and PACK OF 72 RETRO SPOT CAKE CASES moved 1,445 units TW versus 1,203 LW for £728.43 (+17.8% WoW); LY figures are blank for all 109 rows.",TOTAL,share,TW,16.9%,Wrong_value,TOTAL.Share_Pct=100,Correct,group figure (extractor said TOTAL): share_top5(Revenue_TW)=16.9341,,group or top-k figure read as the whole-table total
large_product_2010-W04__S1__claude-opus-5__r2,S1,"- KENSINGTON COFFEE SET fell to £1,632.90 TW from £7,750.05 LW, a WoW change of -78.9%, with units down from 915 LW to 186 TW.",KENSINGTON COFFEE SET,revenue,TW,"£1,632.90",Wrong_value,KENSINGTON COFFEE SET.Revenue_TW=1632.9 (direction wrong),Correct,KENSINGTON COFFEE SET.Revenue_TW=1632.9,,direction word applied to a level
large_product_2010-W04__S1__claude-opus-5__r2,S1,"- KENSINGTON COFFEE SET fell to £1,632.90 TW from £7,750.05 LW, a WoW change of -78.9%, with units down from 915 LW to 186 TW.",KENSINGTON COFFEE SET,units,TW,186,Wrong_value,KENSINGTON COFFEE SET.Units_TW=186 (direction wrong),Correct,KENSINGTON COFFEE SET.Units_TW=186,,direction word applied to a level
large_product_2010-W04__S1__claude-opus-5__r2,S1,"- ASSORTED COLOUR BIRD ORNAMENT dropped to £427.99 TW from £1,386.13 LW, a WoW change of -69.1%, and WOOD S/3 CABINET ANT WHITE FINISH fell to £286.20 TW from £481.03 LW, down 40.5% WoW.",ASSORTED COLOUR BIRD ORNAMENT,revenue,TW,£427.99,Wrong_value,ASSORTED COLOUR BIRD ORNAMENT.Revenue_TW=427.99 (direction wrong),Correct,ASSORTED COLOUR BIRD ORNAMENT.Revenue_TW=427.99,,direction word applied to a level
large_product_2010-W04__S1__claude-opus-5__r2,S1,"- ASSORTED COLOUR BIRD ORNAMENT dropped to £427.99 TW from £1,386.13 LW, a WoW change of -69.1%, and WOOD S/3 CABINET ANT WHITE FINISH fell to £286.20 TW from £481.03 LW, down 40.5% WoW.",WOOD S/3 CABINET ANT WHITE FINISH,revenue,TW,£286.20,Wrong_value,WOOD S/3 CABINET ANT WHITE FINISH.Revenue_TW=286.2 (direction wrong),Correct,WOOD S/3 CABINET ANT WHITE FINISH.Revenue_TW=286.2,,direction word applied to a level
large_product_2010-W04__S2__claude-opus-5__r1,S2,"- The next ranked products TW were RED HANGING HEART T-LIGHT HOLDER at £1,807.91, SET/3 RUSSIAN DOLL STACKING TINS at £1,718.73, KENSINGTON COFFEE SET at £1,632.90 and JUMBO BAG RED WHITE SPOTTY at £1,557.40, with the TOTAL top five at 16.9% share TW.",TOTAL,share,TW,16.9%,Wrong_value,TOTAL.Share_Pct=100,Correct,group figure (extractor said TOTAL): share_top5(Revenue_TW)=16.9341,,group or top-k figure read as the whole-table total
large_product_2010-W04__S2__claude-opus-5__r2,S2,"- Top 5 products held 16.9% of TOTAL revenue TW and the top 10 held 25.7% TW, with JUMBO BAG RED WHITE SPOTTY at £1,557.40 TW.",TOTAL,share,TW,16.9%,Wrong_value,TOTAL.Share_Pct=100,Correct,group figure (extractor said TOTAL): share(family[SPOTTY].Units_TW)=16.9486,,group or top-k figure read as the whole-table total
large_product_2010-W04__S2__claude-opus-5__r2,S2,"- Top 5 products held 16.9% of TOTAL revenue TW and the top 10 held 25.7% TW, with JUMBO BAG RED WHITE SPOTTY at £1,557.40 TW.",TOTAL,share,TW,25.7%,Wrong_value,TOTAL.Share_Pct=100,Correct,group figure (extractor said TOTAL): share_top10(Revenue_TW)=25.7349,,group or top-k figure read as the whole-table total
large_product_2010-W04__S3__claude-opus-5__r1,S3,"- KENSINGTON COFFEE SET fell to £1,632.90 TW from £7,750.05 LW (-78.9% WoW), with units down to 186 from 915, and it sits at rank 4 with 2.6% share.",KENSINGTON COFFEE SET,revenue,TW,"£1,632.90",Wrong_value,KENSINGTON COFFEE SET.Revenue_TW=1632.9 (direction wrong),Correct,KENSINGTON COFFEE SET.Revenue_TW=1632.9,,direction word applied to a level
large_product_2010-W04__S3__claude-opus-5__r1,S3,"- KENSINGTON COFFEE SET fell to £1,632.90 TW from £7,750.05 LW (-78.9% WoW), with units down to 186 from 915, and it sits at rank 4 with 2.6% share.",KENSINGTON COFFEE SET,units,TW,186,Wrong_value,KENSINGTON COFFEE SET.Units_TW=186 (direction wrong),Correct,KENSINGTON COFFEE SET.Units_TW=186,,direction word applied to a level
large_product_2010-W04__S3__claude-opus-5__r1,S3,"- ASSORTED COLOUR BIRD ORNAMENT declined to £427.99 TW from £1,386.13 LW (-69.1% WoW) with units at 211 TW versus 897 LW.",ASSORTED COLOUR BIRD ORNAMENT,revenue,TW,£427.99,Wrong_value,ASSORTED COLOUR BIRD ORNAMENT.Revenue_TW=427.99 (direction wrong),Correct,ASSORTED COLOUR BIRD ORNAMENT.Revenue_TW=427.99,,direction word applied to a level
large_product_2010-W04__S3__claude-opus-5__r1,S3,"- The top five TW products combined for 16.9% share, and PACK OF 72 RETRO SPOT CAKE CASES moved 1,445 units TW versus 1,203 LW for £728.43 (+17.8% WoW); LY figures are blank for all 109 rows.",TOTAL,share,TW,16.9%,Wrong_value,TOTAL.Share_Pct=100,Correct,group figure (extractor said TOTAL): share_top5(Revenue_TW)=16.9341,,group or top-k figure read as the whole-table total
large_product_2010-W04__S3__claude-opus-5__r2,S3,"- KENSINGTON COFFEE SET fell to £1,632.90 TW from £7,750.05 LW, a WoW change of -78.9%, with units down from 915 LW to 186 TW.",KENSINGTON COFFEE SET,revenue,TW,"£1,632.90",Wrong_value,KENSINGTON COFFEE SET.Revenue_TW=1632.9 (direction wrong),Correct,KENSINGTON COFFEE SET.Revenue_TW=1632.9,,direction word applied to a level
large_product_2010-W04__S3__claude-opus-5__r2,S3,"- KENSINGTON COFFEE SET fell to £1,632.90 TW from £7,750.05 LW, a WoW change of -78.9%, with units down from 915 LW to 186 TW.",KENSINGTON COFFEE SET,units,TW,186,Wrong_value,KENSINGTON COFFEE SET.Units_TW=186 (direction wrong),Correct,KENSINGTON COFFEE SET.Units_TW=186,,direction word applied to a level
large_product_2010-W04__S3__claude-opus-5__r2,S3,"- ASSORTED COLOUR BIRD ORNAMENT dropped to £427.99 TW from £1,386.13 LW, a WoW change of -69.1%, and WOOD S/3 CABINET ANT WHITE FINISH fell to £286.20 TW from £481.03 LW, down 40.5% WoW.",ASSORTED COLOUR BIRD ORNAMENT,revenue,TW,£427.99,Wrong_value,ASSORTED COLOUR BIRD ORNAMENT.Revenue_TW=427.99 (direction wrong),Correct,ASSORTED COLOUR BIRD ORNAMENT.Revenue_TW=427.99,,direction word applied to a level
large_product_2010-W04__S3__claude-opus-5__r2,S3,"- ASSORTED COLOUR BIRD ORNAMENT dropped to £427.99 TW from £1,386.13 LW, a WoW change of -69.1%, and WOOD S/3 CABINET ANT WHITE FINISH fell to £286.20 TW from £481.03 LW, down 40.5% WoW.",WOOD S/3 CABINET ANT WHITE FINISH,revenue,TW,£286.20,Wrong_value,WOOD S/3 CABINET ANT WHITE FINISH.Revenue_TW=286.2 (direction wrong),Correct,WOOD S/3 CABINET ANT WHITE FINISH.Revenue_TW=286.2,,direction word applied to a level
large_product_2011-W42__S1__claude-opus-5__r1,S1,"- The six LANDMARK FRAME lines (Covent Garden £3,766.40, Oxford Street £3,753.90, Notting Hill £3,660.00, London Bridge £3,603.90, Baker Street £3,447.50, Camden Town £3,422.50) take the top six ranks TW on £21,654.20 combined and 19.1% share, with £0.00 in LW and £0.00 in LY.",TOTAL,revenue,TW,"£21,654.20",Wrong_value,TOTAL.Revenue_TW=112644,Correct,group figure (extractor said TOTAL): sum(family[LANDMARK FRAME].Revenue_TW)=21654.2,,group or top-k figure read as the whole-table total
large_product_2011-W42__S1__claude-opus-5__r1,S1,"- The six LANDMARK FRAME lines (Covent Garden £3,766.40, Oxford Street £3,753.90, Notting Hill £3,660.00, London Bridge £3,603.90, Baker Street £3,447.50, Camden Town £3,422.50) take the top six ranks TW on £21,654.20 combined and 19.1% share, with £0.00 in LW and £0.00 in LY.",TOTAL,share,TW,19.1%,Wrong_value,TOTAL.Share_Pct=100,Correct,group figure (extractor said TOTAL): sum(family[LANDMARK FRAME].Share_Pct)=19.1,,group or top-k figure read as the whole-table total
large_product_2011-W42__S1__claude-opus-5__r1,S1,"- The six LANDMARK FRAME lines (Covent Garden £3,766.40, Oxford Street £3,753.90, Notting Hill £3,660.00, London Bridge £3,603.90, Baker Street £3,447.50, Camden Town £3,422.50) take the top six ranks TW on £21,654.20 combined and 19.1% share, with £0.00 in LW and £0.00 in LY.",TOTAL,revenue,LW,£0.00,Wrong_entity,value belongs to LANDMARK FRAME COVENT GARDEN.Revenue_LW=0; claimed TOTAL,Correct,group figure (extractor said TOTAL): sum(family[LANDMARK FRAME].Revenue_LW)=0,,group or top-k figure read as the whole-table total
large_product_2011-W42__S1__claude-opus-5__r1,S1,"- The six LANDMARK FRAME lines (Covent Garden £3,766.40, Oxford Street £3,753.90, Notting Hill £3,660.00, London Bridge £3,603.90, Baker Street £3,447.50, Camden Town £3,422.50) take the top six ranks TW on £21,654.20 combined and 19.1% share, with £0.00 in LW and £0.00 in LY.",TOTAL,revenue,LY,£0.00,Wrong_entity,value belongs to LANDMARK FRAME COVENT GARDEN.Revenue_LY=0; claimed TOTAL,Correct,group figure (extractor said TOTAL): sum(family[LANDMARK FRAME].Revenue_LW)=0,,group or top-k figure read as the whole-table total
large_product_2011-W42__S1__claude-opus-5__r2,S1,"- REGENCY CAKESTAND 3 TIER ranks 7 at £3,205.71 TW versus £2,729.22 LW (WoW +17.5%) and £4,843.45 LY (YoY -33.8%), with orders down to 38 TW from 50 LW.",REGENCY CAKESTAND 3 TIER,revenue,WoW,"£2,729.22",Wrong_metric,value is REGENCY CAKESTAND 3 TIER.Revenue_LW=2729.22; claimed Revenue_WoW_Abs,,,,level next to an LW/LY label read as a change
large_product_2011-W42__S1__claude-opus-5__r2,S1,"- REGENCY CAKESTAND 3 TIER ranks 7 at £3,205.71 TW versus £2,729.22 LW (WoW +17.5%) and £4,843.45 LY (YoY -33.8%), with orders down to 38 TW from 50 LW.",REGENCY CAKESTAND 3 TIER,revenue,YoY,"£4,843.45",Wrong_metric,value is REGENCY CAKESTAND 3 TIER.Revenue_LY=4843.45; claimed Revenue_YoY_Abs,,,,level next to an LW/LY label read as a change
large_product_2011-W42__S1__claude-opus-5__r2,S1,"- BOTANICAL GARDENS WALL CLOCK enters at rank 8 with £2,928.80 TW across 140 units and 8 orders, against £0.00 LW and £0.00 LY.",BOTANICAL GARDENS WALL CLOCK,units,TW,8,Wrong_metric,value is BOTANICAL GARDENS WALL CLOCK.Orders_TW=8; claimed Units_TW,,,,unit noun ignored (units vs orders)
large_product_2011-W42__S1__claude-opus-5__r2,S1,"- PAPER CHAIN KIT 50'S CHRISTMAS posts £2,222.96 TW versus £2,342.01 LW (WoW -5.1%) and £1,289.88 LY (YoY +72.3%), while JUMBO BAG RED RETROSPOT reaches £2,021.85 TW on 1,045 units (WoW +7.2%, YoY +42.9%).",PAPER CHAIN KIT 50'S CHRISTMAS,revenue,WoW,"£2,342.01",Wrong_metric,value is PAPER CHAIN KIT 50'S CHRISTMAS.Revenue_LW=2342.01; claimed Revenue_WoW_Abs,,,,level next to an LW/LY label read as a change
large_product_2011-W42__S1__claude-opus-5__r2,S1,"- PAPER CHAIN KIT 50'S CHRISTMAS posts £2,222.96 TW versus £2,342.01 LW (WoW -5.1%) and £1,289.88 LY (YoY +72.3%), while JUMBO BAG RED RETROSPOT reaches £2,021.85 TW on 1,045 units (WoW +7.2%, YoY +42.9%).",PAPER CHAIN KIT 50'S CHRISTMAS,revenue,YoY,"£1,289.88",Wrong_metric,value is PAPER CHAIN KIT 50'S CHRISTMAS.Revenue_LY=1289.88; claimed Revenue_YoY_Abs,,,,level next to an LW/LY label read as a change
large_product_2011-W42__S1__claude-opus-5__r2,S1,"- PAPER CHAIN KIT 50'S CHRISTMAS posts £2,222.96 TW versus £2,342.01 LW (WoW -5.1%) and £1,289.88 LY (YoY +72.3%), while JUMBO BAG RED RETROSPOT reaches £2,021.85 TW on 1,045 units (WoW +7.2%, YoY +42.9%).",JUMBO BAG RED RETROSPOT,units,WoW,"1,045",Wrong_metric,value is JUMBO BAG RED RETROSPOT.Units_TW=1045; claimed Units_WoW_Abs,,,,level next to an LW/LY label read as a change
large_product_2011-W42__S1__claude-opus-5__r2,S1,"- GINGHAM HEART DECORATION rises to £1,565.58 TW from £72.68 LW (WoW +2,054.1%) on 2,130 units versus 80 units LW, and BOX OF 6 CHRISTMAS CAKE DECORATIONS moves to £1,316.72 TW from £304.38 LW (WoW +332.6%).",GINGHAM HEART DECORATION,revenue,WoW,£72.68,Wrong_metric,value is GINGHAM HEART DECORATION.Revenue_LW=72.68; claimed Revenue_WoW_Abs,,,,level next to an LW/LY label read as a change
large_product_2011-W42__S1__claude-opus-5__r2,S1,"- GINGHAM HEART DECORATION rises to £1,565.58 TW from £72.68 LW (WoW +2,054.1%) on 2,130 units versus 80 units LW, and BOX OF 6 CHRISTMAS CAKE DECORATIONS moves to £1,316.72 TW from £304.38 LW (WoW +332.6%).",BOX OF 6 CHRISTMAS CAKE DECORATIONS,revenue,WoW,£304.38,Wrong_metric,value is BOX OF 6 CHRISTMAS CAKE DECORATIONS.Revenue_LW=304.38; claimed Revenue_WoW_Abs,,,,level next to an LW/LY label read as a change
large_product_2011-W42__S1__claude-opus-5__r2,S1,"- WHITE HANGING HEART T-LIGHT HOLDER falls to £689.94 TW from £1,893.01 LW (WoW -63.6%) and £2,226.27 LY (YoY -69.0%), with units at 234 TW versus 683 LW.",WHITE HANGING HEART T-LIGHT HOLDER,revenue,WoW,"£1,893.01",Wrong_metric,value is WHITE HANGING HEART T-LIGHT HOLDER.Revenue_LW=1893.01; claimed Revenue_WoW_Abs,,,,level next to an LW/LY label read as a change
large_product_2011-W42__S1__claude-opus-5__r2,S1,"- WHITE HANGING HEART T-LIGHT HOLDER falls to £689.94 TW from £1,893.01 LW (WoW -63.6%) and £2,226.27 LY (YoY -69.0%), with units at 234 TW versus 683 LW.",WHITE HANGING HEART T-LIGHT HOLDER,revenue,YoY,"£2,226.27",Wrong_metric,value is WHITE HANGING HEART T-LIGHT HOLDER.Revenue_LY=2226.27; claimed Revenue_YoY_Abs,,,,level next to an LW/LY label read as a change
large_product_2011-W42__S1__claude-opus-5__r2,S1,"- CHRISTMAS LIGHTS 10 REINDEER records £543.26 TW versus £2,374.88 LY (YoY -77.1%) and ASSORTED COLOUR BIRD ORNAMENT £1,324.21 TW versus £2,609.84 LY (YoY -49.3%), despite WoW gains of +22.9% and +86.6%.",CHRISTMAS LIGHTS 10 REINDEER,revenue,YoY,"£2,374.88",Wrong_metric,value is CHRISTMAS LIGHTS 10 REINDEER.Revenue_LY=2374.88; claimed Revenue_YoY_Abs,,,,level next to an LW/LY label read as a change
large_product_2011-W42__S1__claude-opus-5__r2,S1,"- CHRISTMAS LIGHTS 10 REINDEER records £543.26 TW versus £2,374.88 LY (YoY -77.1%) and ASSORTED COLOUR BIRD ORNAMENT £1,324.21 TW versus £2,609.84 LY (YoY -49.3%), despite WoW gains of +22.9% and +86.6%.",ASSORTED COLOUR BIRD ORNAMENT,revenue,YoY,"£2,609.84",Wrong_metric,value is ASSORTED COLOUR BIRD ORNAMENT.Revenue_LY=2609.84; claimed Revenue_YoY_Abs,,,,level next to an LW/LY label read as a change
large_product_2011-W42__S1__claude-opus-5__r2,S1,"- CHRISTMAS LIGHTS 10 REINDEER records £543.26 TW versus £2,374.88 LY (YoY -77.1%) and ASSORTED COLOUR BIRD ORNAMENT £1,324.21 TW versus £2,609.84 LY (YoY -49.3%), despite WoW gains of +22.9% and +86.6%.",ASSORTED COLOUR BIRD ORNAMENT,revenue,WoW,+22.9%,Wrong_entity,value belongs to CHRISTMAS LIGHTS 10 REINDEER.Revenue_WoW_Pct=22.9; claimed ASSORTED COLOUR BIRD ORNAMENT,,,,value given to the wrong entity in a list
large_product_2011-W42__S1__claude-opus-5__r2,S1,"- DOORMAT KEEP CALM AND COME IN drops to £1,356.79 TW from £2,068.84 LW (WoW -34.4%) on 175 units versus 272 LW, and JUMBO BAG VINTAGE DOILY falls to £459.62 TW from £832.12 LW (WoW -44.8%).",DOORMAT KEEP CALM AND COME IN,revenue,WoW,"£2,068.84",Wrong_metric,value is DOORMAT KEEP CALM AND COME IN.Revenue_LW=2068.84; claimed Revenue_WoW_Abs,,,,level next to an LW/LY label read as a change
large_product_2011-W42__S1__claude-opus-5__r2,S1,"- DOORMAT KEEP CALM AND COME IN drops to £1,356.79 TW from £2,068.84 LW (WoW -34.4%) on 175 units versus 272 LW, and JUMBO BAG VINTAGE DOILY falls to £459.62 TW from £832.12 LW (WoW -44.8%).",JUMBO BAG VINTAGE DOILY,revenue,WoW,£832.12,Wrong_metric,value is JUMBO BAG VINTAGE DOILY.Revenue_LW=832.12; claimed Revenue_WoW_Abs,,,,level next to an LW/LY label read as a change
large_product_2011-W42__S2__claude-opus-5__r1,S2,- The top 5 products together held 16.2% of TOTAL revenue TW.,TOTAL,share,TW,16.2%,Wrong_value,TOTAL.Share_Pct=100,Correct,group figure (extractor said TOTAL): share_top5(Revenue_TW)=16.1853,,group or top-k figure read as the whole-table total
large_product_2011-W42__S2__claude-opus-5__r2,S2,"- LANDMARK FRAME LONDON BRIDGE recorded £3,603.90 TW and LANDMARK FRAME BAKER STREET £3,447.50 TW, with the top five products holding 16.2% of TOTAL revenue TW.",TOTAL,share,TW,16.2%,Wrong_value,TOTAL.Share_Pct=100,Correct,group figure (extractor said TOTAL): share_top5(Revenue_TW)=16.1853,,group or top-k figure read as the whole-table total
large_product_2011-W42__S3__claude-opus-5__r1,S3,"- The six LANDMARK FRAME lines (Covent Garden £3,766.40, Oxford Street £3,753.90, Notting Hill £3,660.00, London Bridge £3,603.90, Baker Street £3,447.50, Camden Town £3,422.50) take the top six ranks TW on £21,654.20 combined and 19.1% share, with £0.00 in LW and £0.00 in LY.",TOTAL,revenue,TW,"£21,654.20",Wrong_value,TOTAL.Revenue_TW=112644,Correct,group figure (extractor said TOTAL): sum(family[LANDMARK FRAME].Revenue_TW)=21654.2,,group or top-k figure read as the whole-table total
large_product_2011-W42__S3__claude-opus-5__r1,S3,"- The six LANDMARK FRAME lines (Covent Garden £3,766.40, Oxford Street £3,753.90, Notting Hill £3,660.00, London Bridge £3,603.90, Baker Street £3,447.50, Camden Town £3,422.50) take the top six ranks TW on £21,654.20 combined and 19.1% share, with £0.00 in LW and £0.00 in LY.",TOTAL,share,TW,19.1%,Wrong_value,TOTAL.Share_Pct=100,Correct,group figure (extractor said TOTAL): sum(family[LANDMARK FRAME].Share_Pct)=19.1,,group or top-k figure read as the whole-table total
large_product_2011-W42__S3__claude-opus-5__r1,S3,"- The six LANDMARK FRAME lines (Covent Garden £3,766.40, Oxford Street £3,753.90, Notting Hill £3,660.00, London Bridge £3,603.90, Baker Street £3,447.50, Camden Town £3,422.50) take the top six ranks TW on £21,654.20 combined and 19.1% share, with £0.00 in LW and £0.00 in LY.",TOTAL,revenue,LW,£0.00,Wrong_entity,value belongs to LANDMARK FRAME COVENT GARDEN.Revenue_LW=0; claimed TOTAL,Correct,group figure (extractor said TOTAL): sum(family[LANDMARK FRAME].Revenue_LW)=0,,group or top-k figure read as the whole-table total
large_product_2011-W42__S3__claude-opus-5__r1,S3,"- The six LANDMARK FRAME lines (Covent Garden £3,766.40, Oxford Street £3,753.90, Notting Hill £3,660.00, London Bridge £3,603.90, Baker Street £3,447.50, Camden Town £3,422.50) take the top six ranks TW on £21,654.20 combined and 19.1% share, with £0.00 in LW and £0.00 in LY.",TOTAL,revenue,LY,£0.00,Wrong_entity,value belongs to LANDMARK FRAME COVENT GARDEN.Revenue_LY=0; claimed TOTAL,Correct,group figure (extractor said TOTAL): sum(family[LANDMARK FRAME].Revenue_LW)=0,,group or top-k figure read as the whole-table total
large_product_2011-W42__S3__claude-opus-5__r2,S3,"- REGENCY CAKESTAND 3 TIER ranks 7 at £3,205.71 TW versus £2,729.22 LW (WoW +17.5%) and £4,843.45 LY (YoY -33.8%), with orders down to 38 TW from 50 LW.",REGENCY CAKESTAND 3 TIER,revenue,WoW,"£2,729.22",Wrong_metric,value is REGENCY CAKESTAND 3 TIER.Revenue_LW=2729.22; claimed Revenue_WoW_Abs,,,,level next to an LW/LY label read as a change
large_product_2011-W42__S3__claude-opus-5__r2,S3,"- REGENCY CAKESTAND 3 TIER ranks 7 at £3,205.71 TW versus £2,729.22 LW (WoW +17.5%) and £4,843.45 LY (YoY -33.8%), with orders down to 38 TW from 50 LW.",REGENCY CAKESTAND 3 TIER,revenue,YoY,"£4,843.45",Wrong_metric,value is REGENCY CAKESTAND 3 TIER.Revenue_LY=4843.45; claimed Revenue_YoY_Abs,,,,level next to an LW/LY label read as a change
large_product_2011-W42__S3__claude-opus-5__r2,S3,"- BOTANICAL GARDENS WALL CLOCK enters at rank 8 with £2,928.80 TW across 140 units and 8 orders, against £0.00 LW and £0.00 LY.",BOTANICAL GARDENS WALL CLOCK,units,TW,8,Wrong_metric,value is BOTANICAL GARDENS WALL CLOCK.Orders_TW=8; claimed Units_TW,,,,unit noun ignored (units vs orders)
large_product_2011-W42__S3__claude-opus-5__r2,S3,"- PAPER CHAIN KIT 50'S CHRISTMAS posts £2,222.96 TW versus £2,342.01 LW (WoW -5.1%) and £1,289.88 LY (YoY +72.3%), while JUMBO BAG RED RETROSPOT reaches £2,021.85 TW on 1,045 units (WoW +7.2%, YoY +42.9%).",PAPER CHAIN KIT 50'S CHRISTMAS,revenue,WoW,"£2,342.01",Wrong_metric,value is PAPER CHAIN KIT 50'S CHRISTMAS.Revenue_LW=2342.01; claimed Revenue_WoW_Abs,,,,level next to an LW/LY label read as a change
large_product_2011-W42__S3__claude-opus-5__r2,S3,"- PAPER CHAIN KIT 50'S CHRISTMAS posts £2,222.96 TW versus £2,342.01 LW (WoW -5.1%) and £1,289.88 LY (YoY +72.3%), while JUMBO BAG RED RETROSPOT reaches £2,021.85 TW on 1,045 units (WoW +7.2%, YoY +42.9%).",PAPER CHAIN KIT 50'S CHRISTMAS,revenue,YoY,"£1,289.88",Wrong_metric,value is PAPER CHAIN KIT 50'S CHRISTMAS.Revenue_LY=1289.88; claimed Revenue_YoY_Abs,,,,level next to an LW/LY label read as a change
large_product_2011-W42__S3__claude-opus-5__r2,S3,"- PAPER CHAIN KIT 50'S CHRISTMAS posts £2,222.96 TW versus £2,342.01 LW (WoW -5.1%) and £1,289.88 LY (YoY +72.3%), while JUMBO BAG RED RETROSPOT reaches £2,021.85 TW on 1,045 units (WoW +7.2%, YoY +42.9%).",JUMBO BAG RED RETROSPOT,units,WoW,"1,045",Wrong_metric,value is JUMBO BAG RED RETROSPOT.Units_TW=1045; claimed Units_WoW_Abs,,,,level next to an LW/LY label read as a change
large_product_2011-W42__S3__claude-opus-5__r2,S3,"- GINGHAM HEART DECORATION rises to £1,565.58 TW from £72.68 LW (WoW +2,054.1%) on 2,130 units versus 80 units LW, and BOX OF 6 CHRISTMAS CAKE DECORATIONS moves to £1,316.72 TW from £304.38 LW (WoW +332.6%).",GINGHAM HEART DECORATION,revenue,WoW,£72.68,Wrong_metric,value is GINGHAM HEART DECORATION.Revenue_LW=72.68; claimed Revenue_WoW_Abs,,,,level next to an LW/LY label read as a change
large_product_2011-W42__S3__claude-opus-5__r2,S3,"- GINGHAM HEART DECORATION rises to £1,565.58 TW from £72.68 LW (WoW +2,054.1%) on 2,130 units versus 80 units LW, and BOX OF 6 CHRISTMAS CAKE DECORATIONS moves to £1,316.72 TW from £304.38 LW (WoW +332.6%).",BOX OF 6 CHRISTMAS CAKE DECORATIONS,revenue,WoW,£304.38,Wrong_metric,value is BOX OF 6 CHRISTMAS CAKE DECORATIONS.Revenue_LW=304.38; claimed Revenue_WoW_Abs,,,,level next to an LW/LY label read as a change
large_product_2011-W42__S3__claude-opus-5__r2,S3,"- WHITE HANGING HEART T-LIGHT HOLDER falls to £689.94 TW from £1,893.01 LW (WoW -63.6%) and £2,226.27 LY (YoY -69.0%), with units at 234 TW versus 683 LW.",WHITE HANGING HEART T-LIGHT HOLDER,revenue,WoW,"£1,893.01",Wrong_metric,value is WHITE HANGING HEART T-LIGHT HOLDER.Revenue_LW=1893.01; claimed Revenue_WoW_Abs,,,,level next to an LW/LY label read as a change
large_product_2011-W42__S3__claude-opus-5__r2,S3,"- WHITE HANGING HEART T-LIGHT HOLDER falls to £689.94 TW from £1,893.01 LW (WoW -63.6%) and £2,226.27 LY (YoY -69.0%), with units at 234 TW versus 683 LW.",WHITE HANGING HEART T-LIGHT HOLDER,revenue,YoY,"£2,226.27",Wrong_metric,value is WHITE HANGING HEART T-LIGHT HOLDER.Revenue_LY=2226.27; claimed Revenue_YoY_Abs,,,,level next to an LW/LY label read as a change
large_product_2011-W42__S3__claude-opus-5__r2,S3,"- CHRISTMAS LIGHTS 10 REINDEER records £543.26 TW versus £2,374.88 LY (YoY -77.1%) and ASSORTED COLOUR BIRD ORNAMENT £1,324.21 TW versus £2,609.84 LY (YoY -49.3%), despite WoW gains of +22.9% and +86.6%.",CHRISTMAS LIGHTS 10 REINDEER,revenue,YoY,"£2,374.88",Wrong_metric,value is CHRISTMAS LIGHTS 10 REINDEER.Revenue_LY=2374.88; claimed Revenue_YoY_Abs,,,,level next to an LW/LY label read as a change
large_product_2011-W42__S3__claude-opus-5__r2,S3,"- CHRISTMAS LIGHTS 10 REINDEER records £543.26 TW versus £2,374.88 LY (YoY -77.1%) and ASSORTED COLOUR BIRD ORNAMENT £1,324.21 TW versus £2,609.84 LY (YoY -49.3%), despite WoW gains of +22.9% and +86.6%.",ASSORTED COLOUR BIRD ORNAMENT,revenue,YoY,"£2,609.84",Wrong_metric,value is ASSORTED COLOUR BIRD ORNAMENT.Revenue_LY=2609.84; claimed Revenue_YoY_Abs,,,,level next to an LW/LY label read as a change
large_product_2011-W42__S3__claude-opus-5__r2,S3,"- CHRISTMAS LIGHTS 10 REINDEER records £543.26 TW versus £2,374.88 LY (YoY -77.1%) and ASSORTED COLOUR BIRD ORNAMENT £1,324.21 TW versus £2,609.84 LY (YoY -49.3%), despite WoW gains of +22.9% and +86.6%.",ASSORTED COLOUR BIRD ORNAMENT,revenue,WoW,+22.9%,Wrong_entity,value belongs to CHRISTMAS LIGHTS 10 REINDEER.Revenue_WoW_Pct=22.9; claimed ASSORTED COLOUR BIRD ORNAMENT,,,,value given to the wrong entity in a list
large_product_2011-W42__S3__claude-opus-5__r2,S3,"- DOORMAT KEEP CALM AND COME IN drops to £1,356.79 TW from £2,068.84 LW (WoW -34.4%) on 175 units versus 272 LW, and JUMBO BAG VINTAGE DOILY falls to £459.62 TW from £832.12 LW (WoW -44.8%).",DOORMAT KEEP CALM AND COME IN,revenue,WoW,"£2,068.84",Wrong_metric,value is DOORMAT KEEP CALM AND COME IN.Revenue_LW=2068.84; claimed Revenue_WoW_Abs,,,,level next to an LW/LY label read as a change
large_product_2011-W42__S3__claude-opus-5__r2,S3,"- DOORMAT KEEP CALM AND COME IN drops to £1,356.79 TW from £2,068.84 LW (WoW -34.4%) on 175 units versus 272 LW, and JUMBO BAG VINTAGE DOILY falls to £459.62 TW from £832.12 LW (WoW -44.8%).",JUMBO BAG VINTAGE DOILY,revenue,WoW,£832.12,Wrong_metric,value is JUMBO BAG VINTAGE DOILY.Revenue_LW=832.12; claimed Revenue_WoW_Abs,,,,level next to an LW/LY label read as a change
medium_product_2009-W50__S1__claude-opus-5__r1,S1,"- The three Edwardian Parasol lines combined for £9,139.25 TW versus £9,454.25 LW: BLACK £3,448.60 (-12.2% WoW), NATURAL £2,935.10 (+21.7% WoW), RED £2,755.55 (-11.5% WoW).",TOTAL,revenue,TW,"£9,139.25",Wrong_value,TOTAL.Revenue_TW=61834.6,Correct,group figure (extractor said TOTAL): sum(family[EDWARDIAN PARASOL].Revenue_TW)=9139.25,,group or top-k figure read as the whole-table total
medium_product_2009-W50__S1__claude-opus-5__r1,S1,"- The three Edwardian Parasol lines combined for £9,139.25 TW versus £9,454.25 LW: BLACK £3,448.60 (-12.2% WoW), NATURAL £2,935.10 (+21.7% WoW), RED £2,755.55 (-11.5% WoW).",TOTAL,revenue,LW,"£9,454.25",Wrong_value,TOTAL.Revenue_LW=55328,Correct,group figure (extractor said TOTAL): sum(family[EDWARDIAN PARASOL].Revenue_LW)=9454.25,,group or top-k figure read as the whole-table total
medium_product_2009-W50__S1__claude-opus-5__r1,S1,"- Hot water bottle lines totalled £12,111.00 TW across seven entities, with CHICK GREY HOT WATER BOTTLE +155.1% WoW to £1,076.30 and GREY HEART HOT WATER BOTTLE +126.7% WoW to £1,394.46.",TOTAL,revenue,TW,"£12,111.00",Wrong_value,TOTAL.Revenue_TW=61834.6,Correct,group figure (extractor said TOTAL): sum(family[HOT WATER BOTTLE].Revenue_TW)=12111,,group or top-k figure read as the whole-table total
medium_product_2009-W50__S1__claude-opus-5__r1,S1,"- WHITE CHERRY LIGHTS fell 54.1% WoW to £1,213.62 TW and PINK CHERRY LIGHTS fell 42.1% WoW to £1,130.42 TW, a combined £2,250.35 decrease from LW.",TOTAL,revenue,LW,"£2,250.35",Wrong_value,TOTAL.Revenue_LW=55328,Correct,"group figure (extractor said TOTAL): diff(sum(group[PINK CHERRY LIGHTS; WHITE CHERRY LIGHTS].Revenue_TW), sum(group[PINK CHERRY LIGHTS; WHITE CHERRY LIGHTS].Revenue_LW))=-2250.35",,group or top-k figure read as the whole-table total
medium_product_2009-W50__S1__claude-opus-5__r2,S1,"- The four EDWARDIAN PARASOL and RUFFLED UMBRELLA colourways plus EDWARDIAN PARASOL NATURAL combined for £14,211.15 TW versus £14,461.70 LW, a WoW decline of 1.7%.",EDWARDIAN PARASOL and RUFFLED UMBRELLA colourways plus EDWARDIAN PARASOL NATURAL,revenue,TW,"£14,211.15",Wrong_value,EDWARDIAN PARASOL NATURAL.Revenue_TW=2935.1,Unverifiable,binding uncertain (fuzzy name match to EDWARDIAN PARASOL NATURAL): EDWARDIAN PARASOL NATURAL.Revenue_TW=2935.1,,family total bound to one member
medium_product_2009-W50__S1__claude-opus-5__r2,S1,"- The four EDWARDIAN PARASOL and RUFFLED UMBRELLA colourways plus EDWARDIAN PARASOL NATURAL combined for £14,211.15 TW versus £14,461.70 LW, a WoW decline of 1.7%.",EDWARDIAN PARASOL and RUFFLED UMBRELLA colourways plus EDWARDIAN PARASOL NATURAL,revenue,LW,"£14,461.70",Wrong_value,EDWARDIAN PARASOL NATURAL.Revenue_LW=2412.45,Unverifiable,binding uncertain (fuzzy name match to EDWARDIAN PARASOL NATURAL): EDWARDIAN PARASOL NATURAL.Revenue_LW=2412.45,,family total bound to one member
medium_product_2009-W50__S1__claude-opus-5__r2,S1,"- The four EDWARDIAN PARASOL and RUFFLED UMBRELLA colourways plus EDWARDIAN PARASOL NATURAL combined for £14,211.15 TW versus £14,461.70 LW, a WoW decline of 1.7%.",EDWARDIAN PARASOL and RUFFLED UMBRELLA colourways plus EDWARDIAN PARASOL NATURAL,revenue,WoW,1.7%,Wrong_value,EDWARDIAN PARASOL NATURAL.Revenue_WoW_Pct=21.7,Unverifiable,binding uncertain (fuzzy name match to EDWARDIAN PARASOL NATURAL): EDWARDIAN PARASOL NATURAL.Revenue_WoW_Pct=21.6647,,family total bound to one member
medium_product_2009-W50__S2__claude-opus-5__r1,S2,"- RED/WHITE DOTS RUFFLED UMBRELLA posted £3,021.80 TW and EDWARDIAN PARASOL NATURAL £2,935.10 TW, with the top five products at 33.8% of TOTAL revenue TW.",TOTAL,share,TW,33.8%,Wrong_value,TOTAL.Share_Pct=100,Correct,group figure (extractor said TOTAL): share_top5(Revenue_TW)=33.7632,,group or top-k figure read as the whole-table total
medium_product_2009-W50__S2__claude-opus-5__r2,S2,- The top 5 products accounted for 33.8% of TOTAL revenue TW.,TOTAL,share,TW,33.8%,Wrong_value,TOTAL.Share_Pct=100,Correct,group figure (extractor said TOTAL): share_top5(Revenue_TW)=33.7632,,group or top-k figure read as the whole-table total
medium_product_2009-W50__S3__claude-opus-5__r1,S3,"- The three Edwardian Parasol lines combined for £9,139.25 TW versus £9,454.25 LW: BLACK £3,448.60 (-12.2% WoW), NATURAL £2,935.10 (+21.7% WoW), RED £2,755.55 (-11.5% WoW).",TOTAL,revenue,TW,"£9,139.25",Wrong_value,TOTAL.Revenue_TW=61834.6,Correct,group figure (extractor said TOTAL): sum(family[EDWARDIAN PARASOL].Revenue_TW)=9139.25,,group or top-k figure read as the whole-table total
medium_product_2009-W50__S3__claude-opus-5__r1,S3,"- The three Edwardian Parasol lines combined for £9,139.25 TW versus £9,454.25 LW: BLACK £3,448.60 (-12.2% WoW), NATURAL £2,935.10 (+21.7% WoW), RED £2,755.55 (-11.5% WoW).",TOTAL,revenue,LW,"£9,454.25",Wrong_value,TOTAL.Revenue_LW=55328,Correct,group figure (extractor said TOTAL): sum(family[EDWARDIAN PARASOL].Revenue_LW)=9454.25,,group or top-k figure read as the whole-table total
medium_product_2009-W50__S3__claude-opus-5__r1,S3,"- Hot water bottle lines totalled £12,111.00 TW across seven entities, with CHICK GREY HOT WATER BOTTLE +155.1% WoW to £1,076.30 and GREY HEART HOT WATER BOTTLE +126.7% WoW to £1,394.46.",TOTAL,revenue,TW,"£12,111.00",Wrong_value,TOTAL.Revenue_TW=61834.6,Correct,group figure (extractor said TOTAL): sum(family[HOT WATER BOTTLE].Revenue_TW)=12111,,group or top-k figure read as the whole-table total
medium_product_2009-W50__S3__claude-opus-5__r1,S3,"- WHITE CHERRY LIGHTS fell 54.1% WoW to £1,213.62 TW and PINK CHERRY LIGHTS fell 42.1% WoW to £1,130.42 TW, a combined £2,250.35 decrease from LW.",TOTAL,revenue,LW,"£2,250.35",Wrong_value,TOTAL.Revenue_LW=55328,Correct,"group figure (extractor said TOTAL): diff(sum(group[PINK CHERRY LIGHTS; WHITE CHERRY LIGHTS].Revenue_TW), sum(group[PINK CHERRY LIGHTS; WHITE CHERRY LIGHTS].Revenue_LW))=-2250.35",,group or top-k figure read as the whole-table total
medium_product_2009-W50__S3__claude-opus-5__r2,S3,"- The three EDWARDIAN PARASOL colourways (BLACK, NATURAL, RED) combined for £9,139.25 TW versus £9,454.25 LW, a WoW decline of 3.3%.",EDWARDIAN PARASOL,revenue,TW,"£9,139.25",Wrong_value,EDWARDIAN PARASOL BLACK.Revenue_TW=3448.6,Unverifiable,"ambiguous name fits EDWARDIAN PARASOL BLACK, EDWARDIAN PARASOL NATURAL, EDWARDIAN PARASOL RED; no match",,family total bound to one member
medium_product_2009-W50__S3__claude-opus-5__r2,S3,"- The three EDWARDIAN PARASOL colourways (BLACK, NATURAL, RED) combined for £9,139.25 TW versus £9,454.25 LW, a WoW decline of 3.3%.",EDWARDIAN PARASOL,revenue,LW,"£9,454.25",Wrong_value,EDWARDIAN PARASOL BLACK.Revenue_LW=3927.55,Unverifiable,"ambiguous name fits EDWARDIAN PARASOL BLACK, EDWARDIAN PARASOL NATURAL, EDWARDIAN PARASOL RED; no match",,family total bound to one member
medium_product_2009-W50__S3__claude-opus-5__r2,S3,"- The three EDWARDIAN PARASOL colourways (BLACK, NATURAL, RED) combined for £9,139.25 TW versus £9,454.25 LW, a WoW decline of 3.3%.",EDWARDIAN PARASOL,revenue,WoW,3.3%,Wrong_value,EDWARDIAN PARASOL BLACK.Revenue_WoW_Pct=-12.2,Unverifiable,"ambiguous name fits EDWARDIAN PARASOL BLACK, EDWARDIAN PARASOL NATURAL, EDWARDIAN PARASOL RED; no match",,family total bound to one member
medium_product_2011-W42__S1__claude-opus-5__r1,S1,"- Six LANDMARK FRAME lines (Covent Garden £3,766.40, Oxford Street £3,753.90, Notting Hill £3,660.00, London Bridge £3,603.90, Baker Street £3,447.50, Camden Town £3,422.50) hold ranks 1 to 6 TW, total £21,654.20 and 37.2% share, with £0.00 LW and £0.00 LY each.",TOTAL,revenue,TW,"£21,654.20",Wrong_value,TOTAL.Revenue_TW=58323.3,Correct,group figure (extractor said TOTAL): sum(family[LANDMARK FRAME].Revenue_TW)=21654.2,,group or top-k figure read as the whole-table total
medium_product_2011-W42__S1__claude-opus-5__r1,S1,"- Six LANDMARK FRAME lines (Covent Garden £3,766.40, Oxford Street £3,753.90, Notting Hill £3,660.00, London Bridge £3,603.90, Baker Street £3,447.50, Camden Town £3,422.50) hold ranks 1 to 6 TW, total £21,654.20 and 37.2% share, with £0.00 LW and £0.00 LY each.",TOTAL,share,TW,37.2%,Wrong_value,TOTAL.Share_Pct=100,Correct,group figure (extractor said TOTAL): sum(family[LANDMARK FRAME].Share_Pct)=37.2,,group or top-k figure read as the whole-table total
medium_product_2011-W42__S1__claude-opus-5__r1,S1,"- Six LANDMARK FRAME lines (Covent Garden £3,766.40, Oxford Street £3,753.90, Notting Hill £3,660.00, London Bridge £3,603.90, Baker Street £3,447.50, Camden Town £3,422.50) hold ranks 1 to 6 TW, total £21,654.20 and 37.2% share, with £0.00 LW and £0.00 LY each.",TOTAL,revenue,LW,£0.00,Wrong_entity,value belongs to LANDMARK FRAME COVENT GARDEN.Revenue_LW=0; claimed TOTAL,Correct,group figure (extractor said TOTAL): sum(family[LANDMARK FRAME].Revenue_LW)=0,,group or top-k figure read as the whole-table total
medium_product_2011-W42__S1__claude-opus-5__r1,S1,"- Six LANDMARK FRAME lines (Covent Garden £3,766.40, Oxford Street £3,753.90, Notting Hill £3,660.00, London Bridge £3,603.90, Baker Street £3,447.50, Camden Town £3,422.50) hold ranks 1 to 6 TW, total £21,654.20 and 37.2% share, with £0.00 LW and £0.00 LY each.",TOTAL,revenue,LY,£0.00,Wrong_entity,value belongs to LANDMARK FRAME COVENT GARDEN.Revenue_LY=0; claimed TOTAL,Correct,group figure (extractor said TOTAL): sum(family[LANDMARK FRAME].Revenue_LW)=0,,group or top-k figure read as the whole-table total
medium_product_2011-W42__S1__claude-opus-5__r1,S1,"- DOORMAT KEEP CALM AND COME IN falls to £1,356.79 TW from £2,068.84 LW (WoW -34.4%), and PAPER CHAIN KIT VINTAGE CHRISTMAS falls to £935.26 TW from £1,283.24 LW (WoW -27.1%) and £1,711.83 LY (YoY -45.4%).",DOORMAT KEEP CALM AND COME IN,revenue,TW,"£1,356.79",Wrong_value,DOORMAT KEEP CALM AND COME IN.Revenue_TW=1356.79 (direction wrong),Correct,DOORMAT KEEP CALM AND COME IN.Revenue_TW=1356.79,,direction word applied to a level
medium_product_2011-W42__S1__claude-opus-5__r1,S1,"- DOORMAT KEEP CALM AND COME IN falls to £1,356.79 TW from £2,068.84 LW (WoW -34.4%), and PAPER CHAIN KIT VINTAGE CHRISTMAS falls to £935.26 TW from £1,283.24 LW (WoW -27.1%) and £1,711.83 LY (YoY -45.4%).",PAPER CHAIN KIT VINTAGE CHRISTMAS,revenue,TW,£935.26,Wrong_value,PAPER CHAIN KIT VINTAGE CHRISTMAS.Revenue_TW=935.26 (direction wrong),Correct,PAPER CHAIN KIT VINTAGE CHRISTMAS.Revenue_TW=935.26,,direction word applied to a level
medium_product_2011-W42__S1__claude-opus-5__r2,S1,"- The six LANDMARK FRAME lines (COVENT GARDEN, OXFORD STREET, NOTTING HILL, LONDON BRIDGE, BAKER STREET, CAMDEN TOWN) total £21,654.20 TW and 37.2% of TW revenue, all with £0.00 LW and £0.00 LY.",TOTAL,revenue,TW,"£21,654.20",Wrong_value,TOTAL.Revenue_TW=58323.3,Correct,group figure (extractor said TOTAL): sum(family[LANDMARK FRAME].Revenue_TW)=21654.2,,group or top-k figure read as the whole-table total
medium_product_2011-W42__S1__claude-opus-5__r2,S1,"- The six LANDMARK FRAME lines (COVENT GARDEN, OXFORD STREET, NOTTING HILL, LONDON BRIDGE, BAKER STREET, CAMDEN TOWN) total £21,654.20 TW and 37.2% of TW revenue, all with £0.00 LW and £0.00 LY.",TOTAL,share,TW,37.2%,Wrong_value,TOTAL.Share_Pct=100,Correct,group figure (extractor said TOTAL): sum(family[LANDMARK FRAME].Share_Pct)=37.2,,group or top-k figure read as the whole-table total
medium_product_2011-W42__S2__claude-opus-5__r1,S2,"- LANDMARK FRAME LONDON BRIDGE delivered £3,603.90 TW and LANDMARK FRAME BAKER STREET £3,447.50 TW, with the top five products holding 31.3% of TOTAL revenue TW.",TOTAL,share,TW,31.3%,Wrong_value,TOTAL.Share_Pct=100,Correct,group figure (extractor said TOTAL): share_top5(Revenue_TW)=31.2597,,group or top-k figure read as the whole-table total
medium_product_2011-W42__S2__claude-opus-5__r2,S2,"- LANDMARK FRAME OXFORD STREET delivered £3,753.90 and LANDMARK FRAME NOTTING HILL £3,660.00 in TW, with the top five products holding 31.3% of TW revenue.",TOTAL,share,TW,31.3%,Wrong_value,TOTAL.Share_Pct=100,Correct,group figure (extractor said TOTAL): share_top5(Revenue_TW)=31.2597,,group or top-k figure read as the whole-table total
medium_product_2011-W42__S2__claude-opus-5__r2,S2,"- GINGHAM HEART DECORATION rose 2,054.1% WoW, the largest absolute swing at £1,492.90, ahead of BOX OF 6 CHRISTMAS CAKE DECORATIONS at 332.6% WoW and WALL ART BIG LOVE at 242.0% WoW.",GINGHAM HEART DECORATION,revenue,TW,"£1,492.90",Wrong_metric,value is GINGHAM HEART DECORATION.Revenue_WoW_Abs=1492.9; claimed Revenue_TW,Correct,GINGHAM HEART DECORATION.Revenue_WoW_Abs=1492.9,period TW->WoW from change wording,other extractor misreading
medium_product_2011-W42__S3__claude-opus-5__r1,S3,"- Six LANDMARK FRAME lines (Covent Garden £3,766.40, Oxford Street £3,753.90, Notting Hill £3,660.00, London Bridge £3,603.90, Baker Street £3,447.50, Camden Town £3,422.50) hold ranks 1 to 6 TW, total £21,654.20 and 37.2% share, with £0.00 LW and £0.00 LY each.",TOTAL,revenue,TW,"£21,654.20",Wrong_value,TOTAL.Revenue_TW=58323.3,Correct,group figure (extractor said TOTAL): sum(family[LANDMARK FRAME].Revenue_TW)=21654.2,,group or top-k figure read as the whole-table total
medium_product_2011-W42__S3__claude-opus-5__r1,S3,"- Six LANDMARK FRAME lines (Covent Garden £3,766.40, Oxford Street £3,753.90, Notting Hill £3,660.00, London Bridge £3,603.90, Baker Street £3,447.50, Camden Town £3,422.50) hold ranks 1 to 6 TW, total £21,654.20 and 37.2% share, with £0.00 LW and £0.00 LY each.",TOTAL,share,TW,37.2%,Wrong_value,TOTAL.Share_Pct=100,Correct,group figure (extractor said TOTAL): sum(family[LANDMARK FRAME].Share_Pct)=37.2,,group or top-k figure read as the whole-table total
medium_product_2011-W42__S3__claude-opus-5__r1,S3,"- Six LANDMARK FRAME lines (Covent Garden £3,766.40, Oxford Street £3,753.90, Notting Hill £3,660.00, London Bridge £3,603.90, Baker Street £3,447.50, Camden Town £3,422.50) hold ranks 1 to 6 TW, total £21,654.20 and 37.2% share, with £0.00 LW and £0.00 LY each.",TOTAL,revenue,LW,£0.00,Wrong_entity,value belongs to LANDMARK FRAME COVENT GARDEN.Revenue_LW=0; claimed TOTAL,Correct,group figure (extractor said TOTAL): sum(family[LANDMARK FRAME].Revenue_LW)=0,,group or top-k figure read as the whole-table total
medium_product_2011-W42__S3__claude-opus-5__r1,S3,"- Six LANDMARK FRAME lines (Covent Garden £3,766.40, Oxford Street £3,753.90, Notting Hill £3,660.00, London Bridge £3,603.90, Baker Street £3,447.50, Camden Town £3,422.50) hold ranks 1 to 6 TW, total £21,654.20 and 37.2% share, with £0.00 LW and £0.00 LY each.",TOTAL,revenue,LY,£0.00,Wrong_entity,value belongs to LANDMARK FRAME COVENT GARDEN.Revenue_LY=0; claimed TOTAL,Correct,group figure (extractor said TOTAL): sum(family[LANDMARK FRAME].Revenue_LW)=0,,group or top-k figure read as the whole-table total
medium_product_2011-W42__S3__claude-opus-5__r1,S3,"- DOORMAT KEEP CALM AND COME IN falls to £1,356.79 TW from £2,068.84 LW (WoW -34.4%), and PAPER CHAIN KIT VINTAGE CHRISTMAS falls to £935.26 TW from £1,283.24 LW (WoW -27.1%) and £1,711.83 LY (YoY -45.4%).",DOORMAT KEEP CALM AND COME IN,revenue,TW,"£1,356.79",Wrong_value,DOORMAT KEEP CALM AND COME IN.Revenue_TW=1356.79 (direction wrong),Correct,DOORMAT KEEP CALM AND COME IN.Revenue_TW=1356.79,,direction word applied to a level
medium_product_2011-W42__S3__claude-opus-5__r1,S3,"- DOORMAT KEEP CALM AND COME IN falls to £1,356.79 TW from £2,068.84 LW (WoW -34.4%), and PAPER CHAIN KIT VINTAGE CHRISTMAS falls to £935.26 TW from £1,283.24 LW (WoW -27.1%) and £1,711.83 LY (YoY -45.4%).",PAPER CHAIN KIT VINTAGE CHRISTMAS,revenue,TW,£935.26,Wrong_value,PAPER CHAIN KIT VINTAGE CHRISTMAS.Revenue_TW=935.26 (direction wrong),Correct,PAPER CHAIN KIT VINTAGE CHRISTMAS.Revenue_TW=935.26,,direction word applied to a level
medium_product_2011-W42__S3__claude-opus-5__r2,S3,"- The six LANDMARK FRAME lines (COVENT GARDEN, OXFORD STREET, NOTTING HILL, LONDON BRIDGE, BAKER STREET, CAMDEN TOWN) total £21,654.20 TW and 37.2% of TW revenue, all with £0.00 LW and £0.00 LY.",TOTAL,revenue,TW,"£21,654.20",Wrong_value,TOTAL.Revenue_TW=58323.3,Correct,group figure (extractor said TOTAL): sum(family[LANDMARK FRAME].Revenue_TW)=21654.2,,group or top-k figure read as the whole-table total
medium_product_2011-W42__S3__claude-opus-5__r2,S3,"- The six LANDMARK FRAME lines (COVENT GARDEN, OXFORD STREET, NOTTING HILL, LONDON BRIDGE, BAKER STREET, CAMDEN TOWN) total £21,654.20 TW and 37.2% of TW revenue, all with £0.00 LW and £0.00 LY.",TOTAL,share,TW,37.2%,Wrong_value,TOTAL.Share_Pct=100,Correct,group figure (extractor said TOTAL): sum(family[LANDMARK FRAME].Share_Pct)=37.2,,group or top-k figure read as the whole-table total
small_country_2010-W18__S2__claude-opus-5__r1,S2,- The top 3 countries combined for 91.6% of total revenue TW.,TOTAL,share,TW,91.6%,Wrong_value,TOTAL.Share_Pct=100,Correct,group figure (extractor said TOTAL): share_top3(Revenue_TW)=91.6267,,group or top-k figure read as the whole-table total
small_country_2010-W18__S2__claude-opus-5__r2,S2,"- EIRE ranked 3 TW with £9.2k and a 5.9% share, taking the top three to 91.6% of TW revenue.",TOTAL,share,TW,91.6%,Wrong_value,TOTAL.Share_Pct=100,Correct,group figure (extractor said TOTAL): share_top3(Revenue_TW)=91.6267,,group or top-k figure read as the whole-table total
small_product_2010-W50__S1__claude-opus-5__r1,S1,"- PAPER CHAIN KIT 50'S CHRISTMAS falls to £2,149.75 TW from £4,048.91 LW (WoW -46.9%) while sitting at £2,143.03 LY (YoY +0.3%), with orders at 32 TW versus 74 LW.",PAPER CHAIN KIT 50'S CHRISTMAS,revenue,TW,"£2,149.75",Wrong_value,PAPER CHAIN KIT 50'S CHRISTMAS.Revenue_TW=2149.75 (direction wrong),Correct,PAPER CHAIN KIT 50'S CHRISTMAS.Revenue_TW=2149.75,,direction word applied to a level
small_product_2010-W50__S1__claude-opus-5__r1,S1,"- HAND WARMER BABUSHKA DESIGN and HOT WATER BOTTLE BABUSHKA both rise WoW, at £1,998.10 TW (+8.2%) and £2,234.58 TW (+35.4%) respectively, with combined TW units of 2,487.",TOTAL,units,TW,"2,487",Wrong_value,TOTAL.Units_TW=9955,Correct,group figure (extractor said TOTAL): sum(group[HAND WARMER BABUSHKA DESIGN; HOT WATER BOTTLE BABUSHKA].Units_TW)=2487,,group or top-k figure read as the whole-table total
small_product_2010-W50__S1__claude-opus-5__r1,S1,"- The 10 listed products total £27,724.70 TW versus £30,272.96 LW, a WoW change of -8.4%, with the top two entities holding 36.7% combined share.",TOTAL,share,TW,36.7%,Wrong_value,TOTAL.Share_Pct=100,Correct,group figure (extractor said TOTAL): share_top2(Revenue_TW)=36.6856,,group or top-k figure read as the whole-table total
small_product_2010-W50__S1__claude-opus-5__r2,S1,"- PAPER CHAIN KIT 50'S CHRISTMAS fell 46.9 percent WoW to £2,149.75 TW from £4,048.91 LW, while sitting 0.3 percent above LY revenue of £2,143.03; TW orders were 32 versus 74 LW.",PAPER CHAIN KIT 50'S CHRISTMAS,share,TW,0.3 percent,Wrong_metric,value is PAPER CHAIN KIT 50'S CHRISTMAS.YoY_Pct=0.3; claimed Share_Pct,Wrong_metric,value is PAPER CHAIN KIT 50'S CHRISTMAS.YoY_Pct=0.3; claimed Share_Pct,,other extractor misreading
small_product_2010-W50__S2__claude-opus-5__r1,S2,"- WHITE HANGING HEART T-LIGHT HOLDER ranked 2 TW with £4,251.25 (15.3% share) and CHILLI LIGHTS ranked 3 with £2,494.07 (9.0% share), with the top three at 45.7% of TOTAL revenue TW.",TOTAL,share,TW,45.7%,Wrong_value,TOTAL.Share_Pct=100,Correct,group figure (extractor said TOTAL): share_top3(Revenue_TW)=45.6814,,group or top-k figure read as the whole-table total
small_product_2010-W50__S2__claude-opus-5__r2,S2,"- WHITE HANGING HEART T-LIGHT HOLDER ranked 2 in TW at £4,251.25 (15.3% share) and CHILLI LIGHTS ranked 3 at £2,494.07 (9.0% share), with the top three products at 45.7% of TOTAL TW revenue.",TOTAL,share,TW,45.7%,Wrong_value,TOTAL.Share_Pct=100,Correct,group figure (extractor said TOTAL): share_top3(Revenue_TW)=45.6814,,group or top-k figure read as the whole-table total
small_product_2010-W50__S3__claude-opus-5__r1,S3,"- PAPER CHAIN KIT 50'S CHRISTMAS falls to £2,149.75 TW from £4,048.91 LW (WoW -46.9%) while sitting at £2,143.03 LY (YoY +0.3%), with orders at 32 TW versus 74 LW.",PAPER CHAIN KIT 50'S CHRISTMAS,revenue,TW,"£2,149.75",Wrong_value,PAPER CHAIN KIT 50'S CHRISTMAS.Revenue_TW=2149.75 (direction wrong),Correct,PAPER CHAIN KIT 50'S CHRISTMAS.Revenue_TW=2149.75,,direction word applied to a level
small_product_2010-W50__S3__claude-opus-5__r1,S3,"- HAND WARMER BABUSHKA DESIGN and HOT WATER BOTTLE BABUSHKA both rise WoW, at £1,998.10 TW (+8.2%) and £2,234.58 TW (+35.4%) respectively, with combined TW units of 2,487.",TOTAL,units,TW,"2,487",Wrong_value,TOTAL.Units_TW=9955,Correct,group figure (extractor said TOTAL): sum(group[HAND WARMER BABUSHKA DESIGN; HOT WATER BOTTLE BABUSHKA].Units_TW)=2487,,group or top-k figure read as the whole-table total
small_product_2010-W50__S3__claude-opus-5__r1,S3,"- The 10 listed products total £27,724.70 TW versus £30,272.96 LW, a WoW change of -8.4%, with the top two entities holding 36.7% combined share.",TOTAL,share,TW,36.7%,Wrong_value,TOTAL.Share_Pct=100,Correct,group figure (extractor said TOTAL): share_top2(Revenue_TW)=36.6856,,group or top-k figure read as the whole-table total
small_product_2010-W50__S3__claude-opus-5__r2,S3,"- PAPER CHAIN KIT 50'S CHRISTMAS fell 46.9 percent WoW to £2,149.75 TW from £4,048.91 LW, while sitting 0.3 percent above LY revenue of £2,143.03; TW orders were 32 versus 74 LW.",PAPER CHAIN KIT 50'S CHRISTMAS,share,TW,0.3 percent,Wrong_metric,value is PAPER CHAIN KIT 50'S CHRISTMAS.YoY_Pct=0.3; claimed Share_Pct,Wrong_metric,value is PAPER CHAIN KIT 50'S CHRISTMAS.YoY_Pct=0.3; claimed Share_Pct,,other extractor misreading
