note_id,strategy,v1_src,v1_unsup,v1_checked,v1_claim_err,v1_bind,v1_ver,v2_unsup,v2_checked
large_product_2010-W04__S1__claude-opus-5__r1,S1,old_llm,0,47,4,0,47,0,47
large_product_2010-W04__S1__claude-opus-5__r2,S1,old_llm,0,35,4,0,34,0,35
large_product_2010-W04__S2__claude-opus-5__r1,S2,old_llm,0,25,1,0,24,0,25
large_product_2010-W04__S2__claude-opus-5__r2,S2,old_llm,0,24,2,0,24,0,24
large_product_2010-W04__S3__claude-opus-5__r1,S3,old_llm,0,47,4,0,47,0,47
large_product_2010-W04__S3__claude-opus-5__r2,S3,old_llm,0,35,4,0,34,0,35
large_product_2010-W04__S4__claude-opus-5__r1,S4,old_llm,0,26,0,0,26,0,26
large_product_2010-W04__S4__claude-opus-5__r2,S4,old_llm,0,23,0,0,23,0,23
large_product_2011-W42__S1__claude-opus-5__r1,S1,old_llm,1,59,4,2,58,0,59
large_product_2011-W42__S1__claude-opus-5__r2,S1,v1_regex_fallback,1,65,15,15,52,0,65
large_product_2011-W42__S2__claude-opus-5__r1,S2,old_llm,0,26,1,0,26,0,26
large_product_2011-W42__S2__claude-opus-5__r2,S2,old_llm,0,23,1,0,23,0,23
large_product_2011-W42__S3__claude-opus-5__r1,S3,old_llm,1,59,4,2,58,0,59
large_product_2011-W42__S3__claude-opus-5__r2,S3,v1_regex_fallback,1,65,15,15,52,0,65
large_product_2011-W42__S4__claude-opus-5__r1,S4,old_llm,0,25,0,0,25,0,25
large_product_2011-W42__S4__claude-opus-5__r2,S4,old_llm,0,25,0,0,25,0,25
medium_product_2009-W50__S1__claude-opus-5__r1,S1,old_llm,4,44,4,0,44,0,44
medium_product_2009-W50__S1__claude-opus-5__r2,S1,old_llm,3,34,3,0,34,3,34
medium_product_2009-W50__S2__claude-opus-5__r1,S2,old_llm,0,25,1,0,25,0,25
medium_product_2009-W50__S2__claude-opus-5__r2,S2,old_llm,0,25,1,0,25,0,25
medium_product_2009-W50__S3__claude-opus-5__r1,S3,old_llm,4,44,4,0,44,0,44
medium_product_2009-W50__S3__claude-opus-5__r2,S3,old_llm,3,34,3,0,34,0,34
medium_product_2009-W50__S4__claude-opus-5__r1,S4,old_llm,0,23,0,0,23,0,23
medium_product_2009-W50__S4__claude-opus-5__r2,S4,old_llm,0,26,0,0,26,0,26
medium_product_2011-W42__S1__claude-opus-5__r1,S1,old_llm,1,61,6,2,58,0,61
medium_product_2011-W42__S1__claude-opus-5__r2,S1,old_llm,1,49,2,0,47,0,49
medium_product_2011-W42__S2__claude-opus-5__r1,S2,old_llm,0,26,1,0,26,0,26
medium_product_2011-W42__S2__claude-opus-5__r2,S2,old_llm,0,25,2,1,25,0,25
medium_product_2011-W42__S3__claude-opus-5__r1,S3,old_llm,1,61,6,2,58,0,61
medium_product_2011-W42__S3__claude-opus-5__r2,S3,old_llm,1,49,2,0,47,0,49
medium_product_2011-W42__S4__claude-opus-5__r1,S4,old_llm,0,25,0,0,25,0,25
medium_product_2011-W42__S4__claude-opus-5__r2,S4,old_llm,0,25,0,0,25,0,25
small_country_2010-W18__S1__claude-opus-5__r1,S1,old_llm,0,23,0,0,23,0,23
small_country_2010-W18__S1__claude-opus-5__r2,S1,old_llm,0,8,0,0,8,0,8
small_country_2010-W18__S2__claude-opus-5__r1,S2,old_llm,0,25,1,0,25,0,25
small_country_2010-W18__S2__claude-opus-5__r2,S2,old_llm,0,25,1,0,25,0,25
small_country_2010-W18__S3__claude-opus-5__r1,S3,old_llm,0,23,0,0,23,0,23
small_country_2010-W18__S3__claude-opus-5__r2,S3,old_llm,0,8,0,0,8,0,8
small_country_2010-W18__S4__claude-opus-5__r1,S4,old_llm,0,21,0,0,21,0,21
small_country_2010-W18__S4__claude-opus-5__r2,S4,old_llm,0,21,0,0,21,0,21
small_product_2010-W50__S1__claude-opus-5__r1,S1,old_llm,0,46,3,0,45,0,45
small_product_2010-W50__S1__claude-opus-5__r2,S1,old_llm,0,45,1,1,44,0,44
small_product_2010-W50__S2__claude-opus-5__r1,S2,old_llm,0,26,1,0,26,0,26
small_product_2010-W50__S2__claude-opus-5__r2,S2,old_llm,0,26,1,0,26,0,26
small_product_2010-W50__S3__claude-opus-5__r1,S3,old_llm,0,46,3,0,45,0,45
small_product_2010-W50__S3__claude-opus-5__r2,S3,old_llm,0,45,1,1,44,0,44
small_product_2010-W50__S4__claude-opus-5__r1,S4,old_llm,0,28,0,0,28,0,28
small_product_2010-W50__S4__claude-opus-5__r2,S4,old_llm,0,28,0,0,28,0,28
