note_id,table_id,size,entity_type,strategy,model,repeat,week,n_rows,failed,n_lines,n_bullets,format_ok,n_Supported_cell,n_Supported_derived,n_Unsupported,n_Skipped,n_numbers_checked,unsupported_rate,n_Correct,n_Wrong_entity,n_Wrong_metric,n_Wrong_value,n_Unverifiable,n_claims_verifiable,claim_error_rate,binding_error_rate,tokens_in,tokens_out,cost_usd,latency_s,n_calls,extractor,extractor_cost_usd,s3_rounds_used,s3_round_rates,s2_code_attempts
large_product_2010-W04__S1__mock__r1,large_product_2010-W04,large,product,S1,mock,1,2010-W04,109,False,8,8,True,11,2,3,1,16,0.1875,13,0,0,3,0,16,0.1875,0.0,3032,158,0.0,0.003,1,regex,0.0,,,
large_product_2010-W04__S1__mock__r2,large_product_2010-W04,large,product,S1,mock,2,2010-W04,109,False,8,8,True,12,1,3,1,16,0.1875,12,1,0,3,0,16,0.25,0.0625,3032,157,0.0,0.002,1,regex,0.0,,,
large_product_2010-W04__S2__mock__r1,large_product_2010-W04,large,product,S2,mock,1,2010-W04,109,False,8,8,True,6,2,0,0,8,0.0,8,0,0,0,0,8,0.0,0.0,1615,463,0.0,0.0,2,regex,0.0,,,1.0
large_product_2010-W04__S2__mock__r2,large_product_2010-W04,large,product,S2,mock,2,2010-W04,109,False,8,8,True,5,2,1,0,8,0.125,7,0,0,1,0,8,0.125,0.0,3079,813,0.0,0.0,3,regex,0.0,,,2.0
large_product_2010-W04__S3__mock__r1,large_product_2010-W04,large,product,S3,mock,1,2010-W04,109,False,8,8,True,14,2,0,1,16,0.0,16,0,0,0,0,16,0.0,0.0,6353,316,0.0,0.005,2,regex,0.0,1.0,"[0.1875, 0.0]",
large_product_2010-W04__S3__mock__r2,large_product_2010-W04,large,product,S3,mock,2,2010-W04,109,False,8,8,True,14,2,0,1,16,0.0,15,1,0,0,0,16,0.0625,0.0625,9649,471,0.0,0.006,3,regex,0.0,2.0,"[0.1875, 0.125, 0.0]",
large_product_2010-W04__S4__mock__r1,large_product_2010-W04,large,product,S4,mock,1,2010-W04,109,False,7,7,True,20,2,1,1,23,0.043478260869565216,22,0,0,1,0,23,0.043478260869565216,0.0,432,179,0.0,0.0,1,regex,0.0,,,
large_product_2010-W04__S4__mock__r2,large_product_2010-W04,large,product,S4,mock,2,2010-W04,109,False,7,7,True,20,3,0,1,23,0.0,23,0,0,0,0,23,0.0,0.0,432,179,0.0,0.0,1,regex,0.0,,,
large_product_2011-W42__S1__mock__r1,large_product_2011-W42,large,product,S1,mock,1,2011-W42,125,False,7,7,True,12,2,0,1,14,0.0,14,0,0,0,0,14,0.0,0.0,3631,134,0.0,0.002,1,regex,0.0,,,
large_product_2011-W42__S1__mock__r2,large_product_2011-W42,large,product,S1,mock,2,2011-W42,125,False,7,7,True,11,2,1,1,14,0.07142857142857142,12,1,0,1,0,14,0.14285714285714285,0.07142857142857142,3631,134,0.0,0.002,1,regex,0.0,,,
large_product_2011-W42__S2__mock__r1,large_product_2011-W42,large,product,S2,mock,1,2011-W42,125,False,8,8,True,6,2,0,0,8,0.0,8,0,0,0,0,8,0.0,0.0,2887,806,0.0,0.0,3,regex,0.0,,,2.0
large_product_2011-W42__S2__mock__r2,large_product_2011-W42,large,product,S2,mock,2,2011-W42,125,False,8,8,True,6,2,0,0,8,0.0,8,0,0,0,0,8,0.0,0.0,1433,456,0.0,0.0,2,regex,0.0,,,1.0
large_product_2011-W42__S3__mock__r1,large_product_2011-W42,large,product,S3,mock,1,2011-W42,125,False,7,7,True,12,2,0,1,14,0.0,14,0,0,0,0,14,0.0,0.0,3631,134,0.0,0.002,1,regex,0.0,0.0,[0.0],
large_product_2011-W42__S3__mock__r2,large_product_2011-W42,large,product,S3,mock,2,2011-W42,125,False,7,7,True,11,2,1,1,14,0.07142857142857142,12,1,0,1,0,14,0.14285714285714285,0.07142857142857142,11325,402,0.0,0.006,3,regex,0.0,2.0,"[0.07142857142857142, 0.07142857142857142, 0.07142857142857142]",
large_product_2011-W42__S4__mock__r1,large_product_2011-W42,large,product,S4,mock,1,2011-W42,125,False,8,8,True,19,4,0,1,23,0.0,23,0,0,0,0,23,0.0,0.0,467,196,0.0,0.0,1,regex,0.0,,,
large_product_2011-W42__S4__mock__r2,large_product_2011-W42,large,product,S4,mock,2,2011-W42,125,False,8,8,True,19,4,0,1,23,0.0,23,0,0,0,0,23,0.0,0.0,467,196,0.0,0.0,1,regex,0.0,,,
medium_product_2009-W50__S1__mock__r1,medium_product_2009-W50,medium,product,S1,mock,1,2009-W50,30,False,8,8,True,12,2,2,2,16,0.125,14,0,0,2,0,16,0.125,0.0,1177,157,0.0,0.001,1,regex,0.0,,,
medium_product_2009-W50__S1__mock__r2,medium_product_2009-W50,medium,product,S1,mock,2,2009-W50,30,False,8,8,True,13,2,1,2,16,0.0625,15,0,0,1,0,16,0.0625,0.0,1177,157,0.0,0.001,1,regex,0.0,,,
medium_product_2009-W50__S2__mock__r1,medium_product_2009-W50,medium,product,S2,mock,1,2009-W50,30,False,8,8,True,6,2,0,0,8,0.0,8,0,0,0,0,8,0.0,0.0,1601,456,0.0,0.0,2,regex,0.0,,,1.0
medium_product_2009-W50__S2__mock__r2,medium_product_2009-W50,medium,product,S2,mock,2,2009-W50,30,False,8,8,True,5,1,2,0,8,0.25,6,0,0,2,0,8,0.25,0.0,3061,806,0.0,0.0,3,regex,0.0,,,2.0
medium_product_2009-W50__S3__mock__r1,medium_product_2009-W50,medium,product,S3,mock,1,2009-W50,30,False,8,8,True,14,2,0,2,16,0.0,16,0,0,0,0,16,0.0,0.0,2620,314,0.0,0.002,2,regex,0.0,1.0,"[0.125, 0.0]",
medium_product_2009-W50__S3__mock__r2,medium_product_2009-W50,medium,product,S3,mock,2,2009-W50,30,False,8,8,True,13,2,1,2,16,0.0625,15,0,0,1,0,16,0.0625,0.0,4015,471,0.0,0.003,3,regex,0.0,2.0,"[0.0625, 0.0625, 0.0625]",
medium_product_2009-W50__S4__mock__r1,medium_product_2009-W50,medium,product,S4,mock,1,2009-W50,30,False,7,7,True,20,3,0,1,23,0.0,23,0,0,0,0,23,0.0,0.0,428,176,0.0,0.0,1,regex,0.0,,,
medium_product_2009-W50__S4__mock__r2,medium_product_2009-W50,medium,product,S4,mock,2,2009-W50,30,False,7,7,True,20,3,0,1,23,0.0,23,0,0,0,0,23,0.0,0.0,428,176,0.0,0.0,1,regex,0.0,,,
medium_product_2011-W42__S1__mock__r1,medium_product_2011-W42,medium,product,S1,mock,1,2011-W42,33,False,7,7,True,11,2,1,1,14,0.07142857142857142,11,1,0,2,0,14,0.21428571428571427,0.07142857142857142,1277,131,0.0,0.002,1,regex,0.0,,,
medium_product_2011-W42__S1__mock__r2,medium_product_2011-W42,medium,product,S1,mock,2,2011-W42,33,False,7,7,True,11,2,1,1,14,0.07142857142857142,12,1,0,1,0,14,0.14285714285714285,0.07142857142857142,1277,131,0.0,0.001,1,regex,0.0,,,
medium_product_2011-W42__S2__mock__r1,medium_product_2011-W42,medium,product,S2,mock,1,2011-W42,33,False,8,8,True,6,2,0,0,8,0.0,8,0,0,0,0,8,0.0,0.0,2883,806,0.0,0.0,3,regex,0.0,,,2.0
medium_product_2011-W42__S2__mock__r2,medium_product_2011-W42,medium,product,S2,mock,2,2011-W42,33,False,8,8,True,5,2,1,0,8,0.125,6,0,0,2,0,8,0.25,0.0,1430,456,0.0,0.0,2,regex,0.0,,,1.0
medium_product_2011-W42__S3__mock__r1,medium_product_2011-W42,medium,product,S3,mock,1,2011-W42,33,False,7,7,True,12,2,0,1,14,0.0,12,1,0,1,0,14,0.14285714285714285,0.07142857142857142,2767,262,0.0,0.004,2,regex,0.0,1.0,"[0.07142857142857142, 0.0]",
medium_product_2011-W42__S3__mock__r2,medium_product_2011-W42,medium,product,S3,mock,2,2011-W42,33,False,7,7,True,11,3,0,1,14,0.0,13,1,0,0,0,14,0.07142857142857142,0.07142857142857142,2766,262,0.0,0.002,2,regex,0.0,1.0,"[0.07142857142857142, 0.0]",
medium_product_2011-W42__S4__mock__r1,medium_product_2011-W42,medium,product,S4,mock,1,2011-W42,33,False,8,8,True,19,4,0,1,23,0.0,23,0,0,0,0,23,0.0,0.0,466,195,0.0,0.0,1,regex,0.0,,,
medium_product_2011-W42__S4__mock__r2,medium_product_2011-W42,medium,product,S4,mock,2,2011-W42,33,False,8,8,True,19,4,0,1,23,0.0,23,0,0,0,0,23,0.0,0.0,466,195,0.0,0.0,1,regex,0.0,,,
small_country_2010-W18__S1__mock__r1,small_country_2010-W18,small,country,S1,mock,1,2010-W18,6,False,7,7,True,12,2,0,1,14,0.0,13,0,0,1,0,14,0.07142857142857142,0.0,556,116,0.0,0.002,1,regex,0.0,,,
small_country_2010-W18__S1__mock__r2,small_country_2010-W18,small,country,S1,mock,2,2010-W18,6,False,7,7,True,11,2,1,1,14,0.07142857142857142,12,1,0,1,0,14,0.14285714285714285,0.07142857142857142,556,116,0.0,0.002,1,regex,0.0,,,
small_country_2010-W18__S2__mock__r1,small_country_2010-W18,small,country,S2,mock,1,2010-W18,6,False,8,8,True,5,2,1,0,8,0.125,7,0,0,1,0,8,0.125,0.0,1509,434,0.0,0.0,2,regex,0.0,,,1.0
small_country_2010-W18__S2__mock__r2,small_country_2010-W18,small,country,S2,mock,2,2010-W18,6,False,8,8,True,6,2,0,0,8,0.0,8,0,0,0,0,8,0.0,0.0,1509,434,0.0,0.0,2,regex,0.0,,,1.0
small_country_2010-W18__S3__mock__r1,small_country_2010-W18,small,country,S3,mock,1,2010-W18,6,False,7,7,True,12,2,0,1,14,0.0,13,0,0,1,0,14,0.07142857142857142,0.0,556,116,0.0,0.002,1,regex,0.0,0.0,[0.0],
small_country_2010-W18__S3__mock__r2,small_country_2010-W18,small,country,S3,mock,2,2010-W18,6,False,7,7,True,11,2,1,1,14,0.07142857142857142,12,1,0,1,0,14,0.14285714285714285,0.07142857142857142,2070,348,0.0,0.004,3,regex,0.0,2.0,"[0.07142857142857142, 0.07142857142857142, 0.07142857142857142]",
small_country_2010-W18__S4__mock__r1,small_country_2010-W18,small,country,S4,mock,1,2010-W18,6,False,7,7,True,20,3,0,0,23,0.0,23,0,0,0,0,23,0.0,0.0,409,156,0.0,0.0,1,regex,0.0,,,
small_country_2010-W18__S4__mock__r2,small_country_2010-W18,small,country,S4,mock,2,2010-W18,6,False,7,7,True,20,3,0,0,23,0.0,23,0,0,0,0,23,0.0,0.0,409,156,0.0,0.0,1,regex,0.0,,,
small_product_2010-W50__S1__mock__r1,small_product_2010-W50,small,product,S1,mock,1,2010-W50,10,False,8,8,True,13,1,2,5,16,0.125,14,0,0,2,0,16,0.125,0.0,703,155,0.0,0.001,1,regex,0.0,,,
small_product_2010-W50__S1__mock__r2,small_product_2010-W50,small,product,S1,mock,2,2010-W50,10,False,8,8,True,12,1,3,5,16,0.1875,13,0,0,3,0,16,0.1875,0.0,703,155,0.0,0.001,1,regex,0.0,,,
small_product_2010-W50__S2__mock__r1,small_product_2010-W50,small,product,S2,mock,1,2010-W50,10,False,8,8,True,6,2,0,3,8,0.0,8,0,0,0,0,8,0.0,0.0,1603,457,0.0,0.0,2,regex,0.0,,,1.0
small_product_2010-W50__S2__mock__r2,small_product_2010-W50,small,product,S2,mock,2,2010-W50,10,False,8,8,True,5,3,0,3,8,0.0,7,0,0,1,0,8,0.125,0.0,1603,457,0.0,0.0,2,regex,0.0,,,1.0
small_product_2010-W50__S3__mock__r1,small_product_2010-W50,small,product,S3,mock,1,2010-W50,10,False,8,8,True,14,2,0,5,16,0.0,16,0,0,0,0,16,0.0,0.0,2608,465,0.0,0.003,3,regex,0.0,2.0,"[0.125, 0.0625, 0.0]",
small_product_2010-W50__S3__mock__r2,small_product_2010-W50,small,product,S3,mock,2,2010-W50,10,False,8,8,True,14,2,0,5,16,0.0,16,0,0,0,0,16,0.0,0.0,2644,465,0.0,0.003,3,regex,0.0,2.0,"[0.1875, 0.0625, 0.0]",
small_product_2010-W50__S4__mock__r1,small_product_2010-W50,small,product,S4,mock,1,2010-W50,10,False,8,8,True,22,4,0,2,26,0.0,26,0,0,0,0,26,0.0,0.0,491,219,0.0,0.0,1,regex,0.0,,,
small_product_2010-W50__S4__mock__r2,small_product_2010-W50,small,product,S4,mock,2,2010-W50,10,False,8,8,True,22,4,0,2,26,0.0,26,0,0,0,0,26,0.0,0.0,491,219,0.0,0.0,1,regex,0.0,,,
